mmsi,fpi_proxy_legacy,ecp_proxy_legacy,fpi_proxy_scientific,ecp_proxy_scientific,environment_score,temperature_score,salinity_score,productivity_score,hydrodynamic_score,behavior_score,fpi_delta,ecp_delta
209451000,0.7791075050709939,0.7791075050709939,0.1916,0.2302,0.6365,0.9138,0.916,0.1185,0.3875,0.2151,-0.5875075050709939,-0.548907505070994
209594000,0.6684931506849314,0.6684931506849314,0.1233,0.1464,0.6226,0.9101,0.9225,0.1032,0.3216,0.139,-0.5451931506849315,-0.5220931506849315
210040000,0.784,0.784,0.2291,0.2746,0.7264,0.9136,0.921,0.1071,1.0,0.2496,-0.5549000000000001,-0.5094000000000001
210142000,0.4,0.4,0.0069,0.0081,0.7299,0.9153,0.9196,0.1196,1.0,0.0075,-0.3931,-0.3919
210415000,0.8308755760368663,0.8308755760368663,0.391,0.4744,0.6876,0.9145,0.9177,0.1127,0.734,0.4314,-0.43987557603686633,-0.35647557603686636
210493000,0.4,0.4,0.0137,0.0161,0.7101,0.9144,0.9182,0.1138,0.8815,0.015,-0.38630000000000003,-0.3839
210601000,0.4,0.4,0.0138,0.0162,0.7272,0.9115,0.9252,0.1102,1.0,0.015,-0.38620000000000004,-0.38380000000000003
210824000,0.7856194690265488,0.7856194690265488,0.2091,0.2507,0.6502,0.9124,0.9172,0.1213,0.4764,0.2336,-0.5765194690265487,-0.5349194690265489
211183010,0.4,0.4,0.0138,0.0162,0.723,0.9154,0.9155,0.1161,0.9647,0.015,-0.38620000000000004,-0.38380000000000003
212283000,0.4,0.4,0.0069,0.0081,0.7291,0.9111,0.9263,0.1176,1.0,0.0075,-0.3931,-0.3919
212334000,0.5773399014778325,0.5773399014778325,0.0075,0.0089,0.609,0.9139,0.9216,0.1413,0.1589,0.0085,-0.5698399014778326,-0.5684399014778325
212352000,0.8005520504731861,0.8005520504731861,0.5963,0.7387,0.6758,0.9112,0.9218,0.1143,0.6562,0.6606,-0.20425205047318606,-0.06185205047318609
212780000,0.7787826086956522,0.7787826086956522,0.2951,0.3555,0.7199,0.9144,0.9176,0.1178,0.9411,0.3222,-0.4836826086956522,-0.4232826086956522
212807000,0.721078921078921,0.721078921078921,0.5673,0.7038,0.6554,0.9171,0.9177,0.1285,0.4861,0.6327,-0.153778921078921,-0.01727892107892104
212939000,0.8503067484662576,0.8503067484662576,0.4119,0.5017,0.725,0.9105,0.9299,0.0992,1.0,0.4489,-0.43840674846625766,-0.3486067484662576
215167000,0.8639133378469872,0.8639133378469872,0.2969,0.3617,0.7257,0.9137,0.9306,0.0962,1.0,0.3235,-0.5670133378469873,-0.5022133378469872
215381000,0.8432491767288693,0.8432491767288693,0.2739,0.3295,0.6688,0.9153,0.917,0.1168,0.6007,0.3041,-0.5693491767288694,-0.5137491767288693
215748000,0.7924611973392461,0.7924611973392461,0.474,0.5789,0.6259,0.9118,0.918,0.1106,0.3331,0.5339,-0.31846119733924616,-0.21356119733924617
219027760,0.7037178265014299,0.7037178265014299,0.1943,0.2331,0.6836,0.9169,0.9207,0.1224,0.6806,0.2147,-0.5094178265014299,-0.4706178265014299
220008000,0.7787128712871287,0.7787128712871287,0.2979,0.3607,0.6742,0.9202,0.9176,0.1204,0.6167,0.3302,-0.48081287128712874,-0.4180128712871287
228027900,0.796594427244582,0.796594427244582,0.1648,0.1964,0.5932,0.9107,0.9237,0.1028,0.1233,0.1877,-0.6317944272445819,-0.6001944272445819
228492800,0.4369565217391304,0.4369565217391304,0.0162,0.0191,0.7271,0.9146,0.9174,0.1113,1.0,0.0176,-0.4207565217391304,-0.4178565217391304
229657000,0.4,0.4,0.0413,0.0486,0.7291,0.9144,0.9216,0.116,1.0,0.045,-0.3587,-0.35140000000000005
229744000,0.7179282868525896,0.7179282868525896,0.2082,0.249,0.676,0.9124,0.9229,0.1137,0.6535,0.2306,-0.5097282868525896,-0.4689282868525896
235102348,0.6421926910299003,0.6421926910299003,0.0694,0.0823,0.6229,0.9136,0.9153,0.1149,0.3044,0.0782,-0.5727926910299003,-0.5598926910299002
236325000,0.7410126582278481,0.7410126582278481,0.1763,0.2105,0.6843,0.912,0.9185,0.1113,0.7201,0.1947,-0.5647126582278481,-0.5305126582278481
246467000,0.7350427350427351,0.7350427350427351,0.1479,0.176,0.5945,0.9107,0.9188,0.1034,0.1373,0.1684,-0.5871427350427351,-0.5590427350427352
246592000,0.4,0.4,0.0,0.0,0.724,0.9125,0.9276,0.0939,1.0,0.0,-0.4,-0.4
246660000,0.9123926380368098,0.9123926380368098,0.2625,0.3159,0.6009,0.9105,0.9153,0.1199,0.158,0.2982,-0.6498926380368097,-0.5964926380368099
246661000,0.4,0.4,0.0069,0.0081,0.7204,0.9117,0.9252,0.1176,0.9418,0.0075,-0.3931,-0.3919
246671000,0.9087573964497042,0.9087573964497042,0.5387,0.6636,0.6161,0.912,0.917,0.1183,0.2552,0.6088,-0.37005739644970426,-0.24515739644970425
246714000,0.7698519515477793,0.7698519515477793,0.1785,0.213,0.5945,0.9107,0.9225,0.1074,0.1255,0.2032,-0.5913519515477793,-0.5568519515477793
247437900,0.4,0.4,0.0069,0.0081,0.7298,0.9152,0.9187,0.1201,1.0,0.0075,-0.3931,-0.3919
248756000,0.6288793103448276,0.6288793103448276,0.2643,0.3174,0.6418,0.9111,0.9244,0.1084,0.4361,0.2961,-0.3645793103448276,-0.31147931034482756
248966000,0.4,0.4,0.0069,0.0081,0.7302,0.9154,0.9177,0.1218,1.0,0.0075,-0.3931,-0.3919
249030000,0.834355828220859,0.834355828220859,0.3479,0.4209,0.5984,0.9122,0.9183,0.106,0.156,0.3956,-0.486455828220859,-0.41345582822085897
249082000,0.7746192893401016,0.7746192893401016,0.5122,0.6274,0.6317,0.9117,0.9209,0.108,0.3723,0.5758,-0.2624192893401016,-0.14721928934010164
249237000,0.7592329545454546,0.7592329545454546,0.3381,0.4088,0.612,0.9112,0.9198,0.1138,0.2343,0.3826,-0.4211329545454546,-0.3504329545454546
249319000,0.0,0.0,0.0,0.0,0.7253,0.9119,0.9408,0.0894,1.0,0.0,0.0,0.0
249458000,0.8035849056603774,0.8035849056603774,0.2769,0.3332,0.6201,0.9112,0.9212,0.1147,0.285,0.3125,-0.5266849056603775,-0.47038490566037744
249622000,0.4,0.4,0.0138,0.0162,0.7268,0.9147,0.9169,0.1138,0.9941,0.015,-0.38620000000000004,-0.38380000000000003
249623000,0.8585253456221198,0.8585253456221198,0.3884,0.4719,0.6451,0.9149,0.917,0.1166,0.4437,0.4347,-0.4701253456221198,-0.3866253456221198
255805551,0.760909090909091,0.760909090909091,0.1672,0.1994,0.6617,0.9127,0.9158,0.1179,0.5597,0.1861,-0.593709090909091,-0.561509090909091
255805824,0.3,0.3,0.0117,0.0138,0.6071,0.9112,0.9173,0.1224,0.1905,0.0133,-0.2883,-0.2862
255805852,0.4,0.4,0.0069,0.0081,0.7305,0.912,0.9277,0.1206,1.0,0.0075,-0.3931,-0.3919
255805987,0.0,0.0,0.0,0.0,0.7258,0.9091,0.9238,0.1096,1.0,0.0,0.0,0.0
255806072,0.4,0.4,0.0069,0.0081,0.7299,0.9152,0.9183,0.1208,1.0,0.0075,-0.3931,-0.3919
255806091,0.6655052264808362,0.6655052264808362,0.386,0.4705,0.7082,0.9197,0.9192,0.1241,0.8364,0.423,-0.2795052264808362,-0.19500522648083624
255806095,0.4,0.4,0.0069,0.0081,0.7296,0.9157,0.9188,0.1181,1.0,0.0075,-0.3931,-0.3919
255806100,0.8271186440677967,0.8271186440677967,0.3156,0.3809,0.6909,0.914,0.9171,0.1192,0.7472,0.3479,-0.5115186440677967,-0.44621864406779665
255806288,0.7234375,0.7234375,0.1234,0.1465,0.6441,0.9107,0.9269,0.1049,0.4549,0.1382,-0.6000375,-0.5769375
255806357,0.4,0.4,0.0069,0.0081,0.7297,0.9158,0.9193,0.118,1.0,0.0075,-0.3931,-0.3919
255915657,0.7715670436187398,0.7715670436187398,0.4373,0.5333,0.6008,0.9126,0.9181,0.1097,0.165,0.4968,-0.3342670436187398,-0.23826704361873985
255916057,0.7963302752293578,0.7963302752293578,0.2317,0.2776,0.6405,0.9095,0.9208,0.1117,0.4306,0.2597,-0.5646302752293578,-0.5187302752293579
256142000,0.8292727272727273,0.8292727272727273,0.3237,0.391,0.6385,0.9128,0.9172,0.1172,0.4042,0.3631,-0.5055727272727273,-0.43827272727272726
257530000,0.7204724409448819,0.7204724409448819,0.1289,0.1535,0.6831,0.9114,0.9118,0.1052,0.7326,0.1425,-0.5915724409448819,-0.566972440944882
268240202,0.8481732070365359,0.8481732070365359,0.4512,0.5508,0.5946,0.9127,0.9176,0.1035,0.1339,0.5137,-0.3969732070365359,-0.2973732070365359
268240302,1.0,1.0,0.4348,0.5302,0.586,0.9112,0.9158,0.1045,0.0818,0.4965,-0.5651999999999999,-0.4698
304017000,0.6979702300405954,0.6979702300405954,0.152,0.1812,0.629,0.9114,0.9217,0.1174,0.3383,0.171,-0.5459702300405954,-0.5167702300405954
304519000,0.7063636363636363,0.7063636363636363,0.1477,0.1758,0.6829,0.9147,0.9182,0.1149,0.6979,0.1632,-0.5586636363636364,-0.5305636363636363
305145000,0.9505051903114188,0.9505051903114188,0.7403,0.9239,0.7308,0.913,0.9217,0.1249,1.0,0.8054,-0.21020519031141882,-0.026605190311418725
305168000,0.7253691275167786,0.7253691275167786,0.2153,0.2588,0.7265,0.9146,0.9297,0.0989,1.0,0.2346,-0.5100691275167786,-0.46656912751677865
305177000,0.9030905077262692,0.9030905077262692,0.6625,0.8257,0.6192,0.9107,0.9214,0.1121,0.284,0.7479,-0.24059050772626922,-0.07739050772626921
305361000,0.5837902264600715,0.5837902264600715,0.1151,0.1368,0.7257,0.9159,0.9206,0.1098,0.9849,0.1254,-0.4686902264600715,-0.44699022646007147
305434000,0.7152027027027027,0.7152027027027027,0.1188,0.141,0.6015,0.911,0.9255,0.1041,0.1732,0.1349,-0.5964027027027027,-0.5742027027027027
305459000,0.6800718132854578,0.6800718132854578,0.1008,0.1196,0.6185,0.9142,0.9181,0.1108,0.2767,0.1138,-0.5792718132854578,-0.5604718132854578
305558000,0.7203351104341202,0.7203351104341202,0.2759,0.3316,0.6527,0.9109,0.919,0.1078,0.5174,0.308,-0.44443511043412026,-0.38873511043412023
305559000,0.7179902755267423,0.7179902755267423,0.1217,0.1446,0.6109,0.9104,0.9257,0.1109,0.226,0.1378,-0.5962902755267423,-0.5733902755267424
305567000,0.4,0.4,0.0207,0.0244,0.7287,0.9158,0.9189,0.1143,1.0,0.0225,-0.3793,-0.37560000000000004
305568000,0.7568998109640832,0.7568998109640832,0.3778,0.4577,0.6552,0.9118,0.9201,0.108,0.5299,0.4214,-0.3790998109640832,-0.2991998109640832
305718000,0.4,0.4,0.0068,0.008,0.7032,0.9119,0.9238,0.1202,0.824,0.0075,-0.39320000000000005,-0.392
305719000,0.6712328767123288,0.6712328767123288,0.0435,0.0514,0.6072,0.9133,0.9138,0.1174,0.1983,0.0493,-0.6277328767123288,-0.6198328767123288
305738000,0.8435714285714286,0.8435714285714286,0.3202,0.3869,0.5953,0.9096,0.9206,0.1119,0.1288,0.3644,-0.5233714285714286,-0.4566714285714286
305749000,0.7830282861896838,0.7830282861896838,0.473,0.5783,0.6967,0.9151,0.918,0.1217,0.7775,0.5204,-0.3100282861896838,-0.20472828618968375
305901000,0.709502262443439,0.709502262443439,0.1141,0.1358,0.6681,0.9149,0.9169,0.1141,0.6014,0.1267,-0.595402262443439,-0.5737022624434389
306336000,0.0,0.0,0.0,0.0,0.6612,0.9131,0.9218,0.1529,0.4889,0.0,0.0,0.0
306338000,0.4,0.4,0.0137,0.0161,0.714,0.9156,0.9165,0.1148,0.9051,0.015,-0.38630000000000003,-0.3839
311001611,0.6863406408094435,0.6863406408094435,0.0909,0.1078,0.5958,0.9108,0.918,0.1061,0.1423,0.1035,-0.5954406408094435,-0.5785406408094435
311001622,0.7430830039525691,0.7430830039525691,0.1525,0.1818,0.6294,0.9141,0.9174,0.109,0.3535,0.1716,-0.5905830039525691,-0.5612830039525691
311001713,0.7361930294906167,0.7361930294906167,0.1332,0.1586,0.5934,0.9105,0.9188,0.1043,0.129,0.1517,-0.6029930294906167,-0.5775930294906167
312653000,0.891465256797583,0.891465256797583,0.6902,0.8595,0.7214,0.9119,0.9127,0.1034,0.9882,0.7532,-0.201265256797583,-0.031965256797583
341310002,0.4,0.4,0.0069,0.0081,0.7281,0.9122,0.9232,0.1154,0.998,0.0075,-0.3931,-0.3919
341480002,0.513184584178499,0.513184584178499,0.0549,0.0648,0.7265,0.9145,0.9215,0.1055,1.0,0.0598,-0.458284584178499,-0.448384584178499
341600001,0.4,0.4,0.0137,0.0161,0.7021,0.912,0.9262,0.1137,0.824,0.015,-0.38630000000000003,-0.3839
351038000,0.5562874251497006,0.5562874251497006,0.0933,0.111,0.6647,0.916,0.9179,0.1249,0.5569,0.1037,-0.46298742514970065,-0.44528742514970066
351272000,0.7226415094339622,0.7226415094339622,0.2416,0.2895,0.6456,0.912,0.9194,0.1075,0.4667,0.2703,-0.4810415094339622,-0.43314150943396224
351304000,0.4,0.48,0.0,0.0,0.7236,0.9179,0.919,0.1856,0.8416,0.0,-0.4,-0.48
351324000,0.6990291262135923,0.6990291262135923,0.1125,0.1336,0.5977,0.9114,0.9186,0.1065,0.1517,0.1279,-0.5865291262135922,-0.5654291262135922
351566000,0.7273846153846154,0.7273846153846154,0.2573,0.3094,0.6763,0.9157,0.9183,0.1239,0.6361,0.285,-0.47008461538461543,-0.4179846153846154
351678000,0.828503937007874,0.828503937007874,0.2965,0.3601,0.6821,0.9187,0.9183,0.129,0.6583,0.3278,-0.532003937007874,-0.46840393700787397
351753000,0.4,0.4,0.0069,0.0081,0.7288,0.916,0.9165,0.1261,0.9836,0.0075,-0.3931,-0.3919
352001068,0.6527159394479074,0.6527159394479074,0.3891,0.4749,0.663,0.914,0.9182,0.118,0.5618,0.4329,-0.2636159394479074,-0.1778159394479074
352001261,0.7872935196950445,0.7872935196950445,0.2357,0.2824,0.6182,0.9105,0.9203,0.1073,0.2876,0.2662,-0.5515935196950444,-0.5048935196950445
352001363,0.6831896551724138,0.6831896551724138,0.2261,0.2722,0.6788,0.9164,0.9183,0.1215,0.6549,0.2502,-0.45708965517241384,-0.4109896551724138
352001689,0.7,0.7,0.2146,0.2576,0.7259,0.9127,0.9245,0.1038,1.0,0.2338,-0.48539999999999994,-0.44239999999999996
352001751,0.4,0.4,0.0067,0.0079,0.6636,0.9117,0.9228,0.1197,0.5632,0.0075,-0.39330000000000004,-0.3921
352001951,0.7265983751324621,0.7265983751324621,0.6048,0.7505,0.6694,0.9157,0.9183,0.1214,0.5944,0.6714,-0.12179837513246206,0.023901624867537885
352002649,0.7492965224316432,0.7492965224316432,0.5694,0.7096,0.7284,0.9155,0.9264,0.1076,1.0,0.6199,-0.17989652243164322,-0.03969652243164323
352002650,0.7674655787863336,0.7674655787863336,0.3739,0.4583,0.7296,0.9171,0.9183,0.1164,1.0,0.4069,-0.3935655787863336,-0.3091655787863336
352002839,0.715566037735849,0.715566037735849,0.1985,0.2372,0.5945,0.9107,0.9191,0.1042,0.1356,0.226,-0.517066037735849,-0.47836603773584907
352003099,0.8038759689922481,0.8038759689922481,0.2295,0.275,0.6467,0.9148,0.9168,0.12,0.4493,0.2567,-0.5743759689922481,-0.5288759689922481
352003107,0.4,0.4,0.0069,0.0081,0.7295,0.9158,0.9205,0.1162,1.0,0.0075,-0.3931,-0.3919
352003112,0.8893506493506493,0.8893506493506493,0.2506,0.3009,0.6553,0.9118,0.9164,0.1149,0.5236,0.2795,-0.6387506493506494,-0.5884506493506494
352003391,0.7838827838827839,0.7838827838827839,0.1783,0.2141,0.6656,0.922,0.9165,0.1322,0.5361,0.1982,-0.6055827838827839,-0.5697827838827838
352003421,0.7153165418652145,0.7153165418652145,0.3105,0.3747,0.6661,0.9129,0.9192,0.1156,0.5882,0.3451,-0.40481654186521454,-0.34061654186521456
352003697,0.922247191011236,0.922247191011236,0.3358,0.4089,0.7244,0.9177,0.9137,0.0982,1.0,0.3661,-0.586447191011236,-0.5133471910112359
352003830,0.6025830258302582,0.6025830258302582,0.1463,0.1745,0.7322,0.9192,0.9173,0.1244,1.0,0.1591,-0.45628302583025826,-0.42808302583025826
352003893,0.6990033222591362,0.6990033222591362,0.131,0.1556,0.7063,0.9142,0.918,0.1096,0.8639,0.1437,-0.5680033222591362,-0.5434033222591362
352003939,0.6239234449760765,0.6239234449760765,0.017,0.02,0.722,0.9103,0.9251,0.0914,1.0,0.0186,-0.6069234449760765,-0.6039234449760765
352004222,0.4,0.4,0.0069,0.0081,0.73,0.9147,0.9198,0.1206,1.0,0.0075,-0.3931,-0.3919
352004254,0.4,0.4,0.0069,0.0081,0.7295,0.9155,0.9213,0.1161,1.0,0.0075,-0.3931,-0.3919
352004256,0.4,0.4,0.0138,0.0162,0.7275,0.9144,0.9182,0.1122,1.0,0.015,-0.38620000000000004,-0.38380000000000003
352004327,0.7051369863013699,0.7051369863013699,0.1196,0.1421,0.6375,0.9141,0.9177,0.1093,0.4069,0.1342,-0.5855369863013699,-0.5630369863013699
352004384,0.4,0.4,0.0138,0.0162,0.7274,0.9152,0.9178,0.111,1.0,0.015,-0.38620000000000004,-0.38380000000000003
352004454,0.7868698710433764,0.7868698710433764,0.2365,0.2835,0.6613,0.9132,0.9172,0.1123,0.5632,0.2633,-0.5503698710433764,-0.5033698710433764
352004480,0.4,0.4,0.0069,0.0081,0.7281,0.9116,0.9246,0.1143,1.0,0.0075,-0.3931,-0.3919
352004491,0.4,0.4,0.0138,0.0162,0.7283,0.9125,0.9267,0.1117,1.0,0.015,-0.38620000000000004,-0.38380000000000003
352004514,0.4,0.4,0.0137,0.0161,0.706,0.914,0.9179,0.1123,0.8586,0.015,-0.38630000000000003,-0.3839
352004532,0.6325411334552102,0.6325411334552102,0.0969,0.115,0.6529,0.912,0.9248,0.1163,0.4938,0.1082,-0.5356411334552102,-0.5175411334552102
352004711,0.6412520064205458,0.6412520064205458,0.0903,0.1076,0.7266,0.9172,0.9116,0.1097,1.0,0.0984,-0.5509520064205458,-0.5336520064205458
352004713,0.4,0.4,0.0069,0.0081,0.7234,0.9122,0.9237,0.1156,0.966,0.0075,-0.3931,-0.3919
352004849,0.7327239488117001,0.7327239488117001,0.3307,0.4016,0.649,0.9162,0.918,0.1214,0.4569,0.3696,-0.4020239488117001,-0.3311239488117001
352004866,0.4,0.4,0.0067,0.0079,0.6335,0.9123,0.9233,0.1358,0.3331,0.0075,-0.39330000000000004,-0.3921
352004900,0.7433333333333334,0.7433333333333334,0.2247,0.269,0.6269,0.9125,0.9176,0.1188,0.3248,0.253,-0.5186333333333334,-0.4743333333333334
352005200,0.4,0.4,0.0136,0.016,0.6846,0.9112,0.9227,0.1138,0.7139,0.015,-0.3864,-0.384
352005277,0.4,0.4,0.0069,0.0081,0.7261,0.9135,0.9205,0.1175,0.9817,0.0075,-0.3931,-0.3919
352005287,0.4,0.4,0.0069,0.0081,0.7297,0.9151,0.9182,0.1201,1.0,0.0075,-0.3931,-0.3919
352005363,0.4,0.4,0.0138,0.0162,0.7281,0.9166,0.9176,0.1118,1.0,0.015,-0.38620000000000004,-0.38380000000000003
352005506,0.7292307692307693,0.7292307692307693,0.188,0.2261,0.6464,0.9174,0.9186,0.1293,0.4229,0.2103,-0.5412307692307694,-0.5031307692307694
352005565,0.6572283150548355,0.6572283150548355,0.3119,0.379,0.6734,0.9188,0.9178,0.1309,0.5972,0.3458,-0.34532831505483547,-0.2782283150548355
352005653,0.6254777070063695,0.6254777070063695,0.0875,0.1036,0.6073,0.9113,0.918,0.1055,0.2187,0.0992,-0.5379777070063695,-0.5218777070063695
352006093,0.4,0.4,0.0069,0.0081,0.7292,0.9156,0.919,0.1167,1.0,0.0075,-0.3931,-0.3919
352006159,0.7890880748246298,0.7890880748246298,0.3293,0.3983,0.612,0.9141,0.9162,0.1174,0.2249,0.3727,-0.45978807482462986,-0.39078807482462985
352006367,0.6544675642594859,0.6544675642594859,0.2842,0.3427,0.7058,0.9202,0.9174,0.1202,0.8279,0.3117,-0.3702675642594859,-0.31176756425948593
352070000,0.6153690596562185,0.6153690596562185,0.1332,0.1587,0.6652,0.915,0.9175,0.1218,0.5681,0.1481,-0.4821690596562185,-0.45666905965621846
352157000,0.7991861648016276,0.7991861648016276,0.3696,0.4524,0.6195,0.9151,0.9186,0.1267,0.2537,0.4172,-0.42958616480162765,-0.3467861648016276
352544000,0.815668202764977,0.9788018433179724,0.1604,0.1923,0.7117,0.9303,0.9143,0.1329,0.8233,0.1756,-0.655268202764977,-0.7865018433179723
352578000,0.6967032967032967,0.6967032967032967,0.1675,0.1999,0.702,0.9169,0.9158,0.1257,0.8043,0.1839,-0.5292032967032967,-0.4968032967032967
352745000,0.6960384153661465,0.6960384153661465,0.1459,0.1742,0.6313,0.9138,0.9144,0.1301,0.3357,0.164,-0.5501384153661465,-0.5218384153661465
352866000,0.6801716738197425,0.6801716738197425,0.1986,0.2378,0.6019,0.9109,0.9207,0.1104,0.172,0.2255,-0.48157167381974253,-0.4423716738197425
352898704,0.4,0.4,0.0207,0.0244,0.7287,0.9135,0.9216,0.116,1.0,0.0225,-0.3793,-0.37560000000000004
352980780,0.8170212765957447,0.8170212765957447,0.2708,0.3254,0.6236,0.9108,0.92,0.1077,0.3221,0.3053,-0.5462212765957448,-0.4916212765957447
352980873,0.7819383259911894,0.7819383259911894,0.2977,0.3607,0.6314,0.914,0.9212,0.1284,0.33,0.3347,-0.4842383259911894,-0.4212383259911894
353086000,0.9136420525657072,0.9136420525657072,0.1864,0.2235,0.5816,0.9102,0.9238,0.0983,0.0543,0.2132,-0.7272420525657072,-0.6901420525657072
353089000,0.7891025641025642,0.7891025641025642,0.2625,0.3155,0.5968,0.9098,0.9197,0.1113,0.141,0.2986,-0.5266025641025642,-0.4736025641025642
353188000,0.633731343283582,0.633731343283582,0.0609,0.0721,0.6,0.9107,0.9226,0.1036,0.1688,0.0692,-0.5728313432835821,-0.561631343283582
353293000,0.7433649289099526,0.7433649289099526,0.2142,0.2562,0.6701,0.911,0.9209,0.1088,0.6285,0.2377,-0.5291649289099527,-0.48716492890995267
353791000,0.6650434782608696,0.6650434782608696,0.0972,0.1152,0.6136,0.9104,0.9199,0.1111,0.2511,0.1099,-0.5678434782608697,-0.5498434782608697
353800000,0.6965317919075145,0.6965317919075145,0.1363,0.1629,0.7161,0.9242,0.916,0.1289,0.873,0.149,-0.5602317919075145,-0.5336317919075144
353824000,0.7637037037037038,0.7637037037037038,0.2082,0.2486,0.6006,0.9095,0.9254,0.1051,0.1696,0.2365,-0.5555037037037038,-0.5151037037037038
353851000,0.8222543352601157,0.8222543352601157,0.5657,0.6973,0.6304,0.9121,0.9195,0.109,0.3629,0.6363,-0.25655433526011573,-0.12495433526011568
354064000,0.4,0.4,0.0205,0.0241,0.6979,0.9148,0.9176,0.1173,0.7945,0.0225,-0.3795,-0.3759
354106000,0.8611291752882058,0.8611291752882058,0.8035,1.0003,0.7255,0.9125,0.9283,0.0993,1.0,0.8756,-0.05762917528820577,0.1391708247117942
354299000,0.4,0.4,0.0138,0.0162,0.7229,0.9143,0.9189,0.1115,0.9699,0.015,-0.38620000000000004,-0.38380000000000003
354797000,0.7173076923076923,0.7173076923076923,0.1769,0.211,0.6889,0.9123,0.9172,0.1101,0.7533,0.1951,-0.5404076923076924,-0.5063076923076923
355106000,0.6718232044198895,0.6718232044198895,0.2402,0.2891,0.7186,0.9192,0.9155,0.1157,0.926,0.2623,-0.43162320441988955,-0.3827232044198895
355502000,0.7542514970059879,0.7542514970059879,0.1056,0.1259,0.6315,0.9119,0.9214,0.1227,0.3451,0.1187,-0.6486514970059879,-0.6283514970059879
355738000,0.8250057142857143,0.8250057142857143,0.774,0.9662,0.7264,0.9148,0.9206,0.1263,0.9653,0.8432,-0.05100571428571432,0.1411942857142856
356015000,0.4,0.4,0.0137,0.0161,0.7087,0.912,0.9266,0.1131,0.8685,0.015,-0.38630000000000003,-0.3839
356217000,0.6794520547945205,0.6794520547945205,0.1657,0.1982,0.6946,0.9157,0.9228,0.1237,0.752,0.1824,-0.5137520547945206,-0.48125205479452055
356369000,0.6908130939809927,0.8289757127771912,0.0883,0.1054,0.728,0.925,0.9155,0.1308,0.9483,0.0961,-0.6025130939809926,-0.7235757127771911
356426000,0.7492348284960422,0.7492348284960422,0.3111,0.3774,0.6906,0.9125,0.9236,0.106,0.7624,0.3429,-0.4381348284960422,-0.37183482849604216
356601000,0.64,0.64,0.1096,0.1301,0.6238,0.9135,0.9184,0.1127,0.3101,0.1236,-0.5304,-0.5099
356641000,0.60801393728223,0.60801393728223,0.0755,0.0893,0.624,0.9112,0.9259,0.1098,0.3127,0.0851,-0.53251393728223,-0.5187139372822299
356815000,0.810989010989011,0.810989010989011,0.2236,0.2681,0.6817,0.9163,0.9162,0.1216,0.6771,0.2472,-0.587389010989011,-0.542889010989011
357178000,0.7478260869565218,0.7478260869565218,0.0984,0.1166,0.6299,0.9107,0.9267,0.1059,0.3587,0.1107,-0.6494260869565217,-0.6312260869565217
357231000,0.638961038961039,0.638961038961039,0.2405,0.2888,0.71,0.9147,0.9172,0.1096,0.8887,0.2634,-0.39846103896103896,-0.35016103896103895
357420000,0.5710554951033733,0.5710554951033733,0.0702,0.0832,0.7274,0.9176,0.9183,0.1214,0.9758,0.0764,-0.5008554951033732,-0.4878554951033733
357705000,0.6505494505494506,0.6505494505494506,0.0852,0.101,0.6359,0.9138,0.9177,0.1129,0.3906,0.0956,-0.5653494505494505,-0.5495494505494506
357921000,0.4,0.4,0.0138,0.0162,0.7276,0.9152,0.9192,0.1106,1.0,0.015,-0.38620000000000004,-0.38380000000000003
368270000,0.9075904677846426,0.9075904677846426,0.8087,1.0083,0.5959,0.9109,0.9183,0.1159,0.1259,0.9202,-0.09889046778464261,0.10070953221535739
370119000,0.5591304347826087,0.5591304347826087,0.0908,0.1078,0.7281,0.912,0.9307,0.1085,1.0,0.0989,-0.4683304347826087,-0.4513304347826087
370437000,0.7312451057165231,0.7312451057165231,0.3671,0.4465,0.7168,0.9157,0.9127,0.1173,0.9247,0.4012,-0.36414510571652314,-0.2847451057165231
370569000,0.4,0.4,0.0066,0.0078,0.6152,0.912,0.9203,0.127,0.2307,0.0075,-0.3934,-0.39220000000000005
371243000,0.7471478463329453,0.7471478463329453,0.1726,0.2058,0.7003,0.9102,0.9286,0.1026,0.8325,0.1897,-0.5745478463329453,-0.5413478463329453
371444000,0.76,0.912,0.1589,0.1902,0.7309,0.9273,0.9162,0.1284,0.964,0.1728,-0.6011,-0.7218
371866000,0.4,0.4,0.0069,0.0081,0.7295,0.9144,0.919,0.1197,1.0,0.0075,-0.3931,-0.3919
372192000,0.6202416918429003,0.6202416918429003,0.1006,0.1192,0.6978,0.9119,0.9189,0.107,0.8168,0.1106,-0.5196416918429003,-0.5010416918429004
372354000,0.784,0.784,0.3389,0.4086,0.6452,0.911,0.9203,0.1127,0.4569,0.3793,-0.44510000000000005,-0.3754
372903000,0.7036674816625916,0.7036674816625916,0.1363,0.1623,0.6005,0.913,0.9179,0.1059,0.1685,0.1549,-0.5673674816625917,-0.5413674816625916
372932000,0.7503496503496504,0.7503496503496504,0.2262,0.2727,0.6805,0.9191,0.9196,0.1349,0.6347,0.2502,-0.5241496503496503,-0.4776496503496504
373314000,0.6946492271105826,0.6946492271105826,0.1691,0.2018,0.6354,0.9118,0.9178,0.1221,0.377,0.1899,-0.5255492271105826,-0.49284922711058265
373319000,0.6626478873239436,0.6626478873239436,0.2558,0.3093,0.696,0.9185,0.9162,0.1254,0.7598,0.2815,-0.4068478873239436,-0.3533478873239436
373459000,0.4,0.4,0.0205,0.0241,0.7081,0.9128,0.9217,0.1164,0.8639,0.0225,-0.3795,-0.3759
373579000,0.6445414847161572,0.6445414847161572,0.111,0.1318,0.6906,0.9123,0.9216,0.1183,0.7451,0.1223,-0.5335414847161573,-0.5127414847161572
373582000,0.6433585073300755,0.6433585073300755,0.399,0.4851,0.7142,0.9126,0.919,0.1081,0.9221,0.4364,-0.24435850733007547,-0.15825850733007552
373595000,0.6570621468926554,0.6570621468926554,0.1521,0.1814,0.7271,0.9175,0.9161,0.1074,1.0,0.1657,-0.5049621468926554,-0.4756621468926554
374286000,0.675451647183847,0.675451647183847,0.1634,0.1948,0.6579,0.9116,0.9245,0.1096,0.5396,0.1821,-0.512051647183847,-0.480651647183847
403636001,0.8328677074774035,0.8328677074774035,0.3223,0.3896,0.5987,0.9104,0.919,0.1139,0.1481,0.3664,-0.5105677074774035,-0.44326770747740346
405000291,0.7098214285714286,0.7098214285714286,0.1425,0.1697,0.6158,0.9117,0.9198,0.1229,0.2427,0.1611,-0.5673214285714286,-0.5401214285714286
405000292,0.6,0.6,0.0,0.0,0.588,0.9105,0.9179,0.1054,0.0924,0.0,-0.6,-0.6
405000308,0.7846547314578005,0.7846547314578005,0.2928,0.353,0.6113,0.9109,0.9232,0.1215,0.2129,0.3315,-0.4918547314578005,-0.43165473145780053
405000309,0.7219330855018588,0.7219330855018588,0.153,0.1826,0.6055,0.9114,0.9174,0.1228,0.1785,0.1736,-0.5689330855018587,-0.5393330855018588
412379690,0.4,0.4,0.0137,0.0161,0.7079,0.9116,0.9215,0.1092,0.8776,0.015,-0.38630000000000003,-0.3839
412379710,0.4,0.4,0.0138,0.0162,0.7277,0.9159,0.9183,0.1107,1.0,0.015,-0.38620000000000004,-0.38380000000000003
413219850,0.4,0.4,0.0069,0.0081,0.7296,0.9157,0.9197,0.1174,1.0,0.0075,-0.3931,-0.3919
413220120,0.4,0.4,0.0137,0.0161,0.7208,0.9116,0.9247,0.1122,0.9548,0.015,-0.38630000000000003,-0.3839
413379170,0.0,0.0,0.0,0.0,0.7346,0.9243,0.9117,0.1301,1.0,0.0,0.0,0.0
413380750,0.4,0.4,0.0138,0.0162,0.7272,0.9153,0.9192,0.1091,1.0,0.015,-0.38620000000000004,-0.38380000000000003
413380760,0.7319905213270143,0.7319905213270143,0.1788,0.2133,0.6789,0.9108,0.9249,0.1109,0.6792,0.1978,-0.5531905213270143,-0.5186905213270143
413381180,0.7699556987515103,0.7699556987515103,0.4888,0.6066,0.6686,0.9233,0.9165,0.1342,0.5493,0.5428,-0.28115569875151025,-0.16335569875151024
413381250,0.4,0.4,0.0069,0.0081,0.7282,0.9122,0.9223,0.1153,1.0,0.0075,-0.3931,-0.3919
413381280,0.7914634146341464,0.7914634146341464,0.1296,0.1542,0.6255,0.9117,0.9243,0.1201,0.3065,0.146,-0.6618634146341464,-0.6372634146341464
413381290,0.6090909090909091,0.6090909090909091,0.036,0.0425,0.678,0.9152,0.9133,0.1275,0.6493,0.0398,-0.5730909090909091,-0.5665909090909091
413381440,0.7559675550405562,0.7559675550405562,0.2002,0.2393,0.6337,0.9116,0.9186,0.1112,0.3833,0.2249,-0.5557675550405563,-0.5166675550405562
413471950,0.4,0.4,0.0069,0.0081,0.73,0.916,0.9178,0.1202,1.0,0.0075,-0.3931,-0.3919
413491830,0.4,0.4,0.0069,0.0081,0.7126,0.9141,0.9194,0.12,0.8874,0.0075,-0.3931,-0.3919
413492450,0.7190981432360743,0.7190981432360743,0.1116,0.1329,0.6018,0.9111,0.9256,0.1105,0.1644,0.1268,-0.6074981432360743,-0.5861981432360743
413495760,0.7336448598130841,0.7336448598130841,0.142,0.1689,0.6391,0.9112,0.9237,0.1122,0.4125,0.1593,-0.5916448598130841,-0.5647448598130842
413558710,0.4,0.4,0.0069,0.0081,0.7191,0.9121,0.921,0.1147,0.9424,0.0075,-0.3931,-0.3919
413692370,0.4,0.4,0.0206,0.0242,0.7201,0.9123,0.9217,0.1151,0.947,0.0225,-0.3794,-0.3758
413702160,0.0,0.0,0.0,0.0,0.7253,0.9143,0.936,0.0897,1.0,0.0,0.0,0.0
414246000,0.794343891402715,0.794343891402715,0.1554,0.1859,0.7257,0.9124,0.9288,0.0999,1.0,0.1693,-0.638943891402715,-0.608443891402715
414816000,0.4,0.4,0.0138,0.0162,0.7279,0.9161,0.9194,0.1102,1.0,0.015,-0.38620000000000004,-0.38380000000000003
416035000,0.6394793926247289,0.6394793926247289,0.0814,0.0966,0.7345,0.9232,0.9164,0.1276,1.0,0.0884,-0.5580793926247288,-0.5428793926247288
416037000,0.7740181268882176,0.7740181268882176,0.2293,0.2758,0.7305,0.9174,0.9193,0.1187,1.0,0.2495,-0.5447181268882175,-0.4982181268882176
416038000,0.7956175298804781,0.7956175298804781,0.1417,0.1685,0.6374,0.9108,0.9267,0.107,0.4063,0.159,-0.653917529880478,-0.6271175298804781
416426000,0.7143686502177069,0.7143686502177069,0.3236,0.3908,0.6417,0.9116,0.9209,0.1151,0.4271,0.3626,-0.3907686502177069,-0.3235686502177069
416427000,0.6314655172413793,0.6314655172413793,0.1411,0.1679,0.6573,0.9124,0.919,0.1156,0.5306,0.1573,-0.49036551724137933,-0.46356551724137934
416428000,0.6006535947712418,0.6006535947712418,0.1296,0.1541,0.706,0.9137,0.9165,0.1168,0.8534,0.1421,-0.4710535947712418,-0.4465535947712418
416429000,0.7553956834532374,0.7553956834532374,0.2809,0.3382,0.6752,0.9156,0.9161,0.1232,0.6326,0.3112,-0.4744956834532374,-0.4171956834532374
416487000,0.4,0.4,0.0136,0.016,0.6928,0.911,0.9242,0.1126,0.7696,0.015,-0.3864,-0.384
419002072,0.5628361858190709,0.5628361858190709,0.0641,0.0758,0.6796,0.9155,0.9218,0.1213,0.6583,0.0709,-0.4987361858190709,-0.48703618581907093
422031400,0.4,0.4,0.0069,0.0081,0.7147,0.912,0.9219,0.1135,0.9143,0.0075,-0.3931,-0.3919
422039200,0.4,0.4,0.0069,0.0081,0.7302,0.9142,0.9187,0.123,1.0,0.0075,-0.3931,-0.3919
440006000,0.4,0.4,0.0137,0.0161,0.7055,0.911,0.9249,0.112,0.8541,0.015,-0.38630000000000003,-0.3839
440014000,0.7218249075215784,0.7218249075215784,0.1711,0.204,0.5958,0.9107,0.9197,0.1059,0.1404,0.1947,-0.5507249075215783,-0.5178249075215784
440044000,0.9314634146341464,0.9314634146341464,0.6384,0.7937,0.7231,0.9114,0.9342,0.0867,1.0,0.6963,-0.2930634146341464,-0.13776341463414643
440061000,0.4,0.4,0.0138,0.0162,0.7274,0.9144,0.9182,0.1118,1.0,0.015,-0.38620000000000004,-0.38380000000000003
440147000,0.8036211699164345,0.8036211699164345,0.1923,0.2298,0.633,0.912,0.9182,0.1103,0.3801,0.2161,-0.6113211699164345,-0.5738211699164345
440185000,0.4,0.4,0.0137,0.0161,0.705,0.9121,0.9244,0.114,0.8449,0.015,-0.38630000000000003,-0.3839
440313000,0.732421340629275,0.732421340629275,0.161,0.1922,0.714,0.9159,0.9161,0.1298,0.8796,0.1761,-0.571421340629275,-0.540221340629275
440716000,0.7504112808460635,0.7504112808460635,0.1842,0.2209,0.7346,0.9243,0.9156,0.1272,1.0,0.2001,-0.5662112808460634,-0.5295112808460635
441421000,0.6306748466257669,0.6306748466257669,0.1436,0.1712,0.728,0.9209,0.912,0.1091,1.0,0.1564,-0.4870748466257669,-0.4594748466257669
466543000,0.4,0.4,0.0138,0.0162,0.7278,0.9154,0.9172,0.1126,1.0,0.015,-0.38620000000000004,-0.38380000000000003
477020200,0.7326829268292683,0.7326829268292683,0.1484,0.1767,0.6873,0.9154,0.9176,0.1162,0.7236,0.1638,-0.5842829268292683,-0.5559829268292683
477056800,0.4,0.4,0.0207,0.0244,0.7288,0.915,0.9181,0.1168,1.0,0.0225,-0.3793,-0.37560000000000004
477062000,0.6533980582524272,0.6533980582524272,0.182,0.217,0.6431,0.9105,0.9267,0.1031,0.4521,0.2038,-0.47139805825242725,-0.4363980582524273
477076300,0.0,0.0,0.0,0.0,0.7252,0.9119,0.9406,0.0894,1.0,0.0,0.0,0.0
477085200,0.4,0.4,0.0069,0.0081,0.7305,0.9158,0.9176,0.1225,1.0,0.0075,-0.3931,-0.3919
477116200,0.5833097595473833,0.5833097595473833,0.0797,0.0944,0.6599,0.9134,0.9177,0.1097,0.5569,0.0888,-0.5036097595473833,-0.4889097595473833
477134700,0.7758564437194126,0.7758564437194126,0.1044,0.1241,0.5879,0.9102,0.9212,0.0975,0.1014,0.1191,-0.6714564437194126,-0.6517564437194127
477137300,0.8446536650975118,0.8446536650975118,0.4012,0.4876,0.5899,0.9105,0.9234,0.1013,0.1046,0.4575,-0.44345366509751183,-0.35705366509751185
477154500,0.4,0.4,0.0207,0.0244,0.729,0.9138,0.9218,0.1163,1.0,0.0225,-0.3793,-0.37560000000000004
477167800,0.8134020618556701,0.8134020618556701,0.1185,0.1411,0.5921,0.9121,0.9144,0.1027,0.1248,0.135,-0.69490206185567,-0.6723020618556701
477174300,0.6881889763779527,0.6881889763779527,0.0904,0.1073,0.6288,0.9101,0.922,0.1041,0.3619,0.1017,-0.5977889763779527,-0.5808889763779528
477180500,0.5791666666666667,0.5791666666666667,0.0769,0.091,0.6147,0.9111,0.9218,0.1126,0.2516,0.087,-0.5022666666666668,-0.48816666666666675
477208400,0.4,0.4,0.0137,0.0161,0.7018,0.9117,0.9222,0.1128,0.8298,0.015,-0.38630000000000003,-0.3839
477369900,0.4,0.4,0.0069,0.0081,0.7284,0.9122,0.9231,0.1154,1.0,0.0075,-0.3931,-0.3919
477387600,0.425984251968504,0.425984251968504,0.0242,0.0285,0.7247,0.9142,0.9183,0.1131,0.9804,0.0264,-0.401784251968504,-0.39748425196850395
477406000,0.8780619111709287,0.8780619111709287,0.5857,0.7277,0.5929,0.9108,0.9196,0.1114,0.1118,0.6672,-0.2923619111709287,-0.15036191117092867
477468200,0.4,0.4,0.0138,0.0162,0.7278,0.9124,0.9264,0.1102,1.0,0.015,-0.38620000000000004,-0.38380000000000003
477521300,0.4,0.4,0.0138,0.0162,0.7282,0.9166,0.9161,0.1133,1.0,0.015,-0.38620000000000004,-0.38380000000000003
477632900,0.4,0.4,0.0069,0.0081,0.7297,0.9119,0.9282,0.1172,1.0,0.0075,-0.3931,-0.3919
477641900,0.4041666666666667,0.4041666666666667,0.0141,0.0166,0.6973,0.9119,0.9212,0.1122,0.8017,0.0155,-0.3900666666666667,-0.38756666666666667
477685600,0.4958904109589041,0.4958904109589041,0.0167,0.0196,0.7138,0.9113,0.9223,0.101,0.9306,0.0183,-0.47919041095890413,-0.4762904109589041
477716100,0.6107420494699647,0.6107420494699647,0.292,0.3544,0.6516,0.9141,0.9173,0.126,0.4736,0.3261,-0.3187420494699647,-0.2563420494699647
477745800,0.7876623376623377,0.7876623376623377,0.0609,0.0721,0.7259,0.9221,0.9064,0.103,1.0,0.0663,-0.7267623376623378,-0.7155623376623377
477798100,0.4,0.4,0.0,0.0,0.724,0.9124,0.927,0.0947,1.0,0.0,-0.4,-0.4
477798200,0.4,0.4,0.0069,0.0081,0.7247,0.9155,0.9167,0.1232,0.9627,0.0075,-0.3931,-0.3919
477809800,0.4,0.4,0.0069,0.0081,0.7199,0.9117,0.9254,0.1168,0.9398,0.0075,-0.3931,-0.3919
477842600,0.4,0.4,0.0137,0.0161,0.7197,0.9124,0.926,0.1149,0.9385,0.015,-0.38630000000000003,-0.3839
477850700,0.4,0.4,0.0138,0.0162,0.7284,0.9125,0.9264,0.1124,1.0,0.015,-0.38620000000000004,-0.38380000000000003
477855900,0.7108303249097474,0.7108303249097474,0.0898,0.1065,0.5995,0.911,0.9241,0.104,0.162,0.1021,-0.6210303249097474,-0.6043303249097474
477856100,0.8303358613217768,0.8303358613217768,0.2629,0.3158,0.6662,0.9143,0.9178,0.1116,0.5937,0.2921,-0.5674358613217768,-0.5145358613217768
477871900,0.4,0.4,0.0138,0.0162,0.7281,0.9159,0.9179,0.1125,1.0,0.015,-0.38620000000000004,-0.38380000000000003
477883500,0.8196470588235294,0.8196470588235294,0.2637,0.3199,0.7255,0.9104,0.9366,0.0959,1.0,0.2874,-0.5559470588235293,-0.4997470588235294
477885100,0.6617021276595745,0.6617021276595745,0.0954,0.1134,0.6058,0.9122,0.9225,0.1177,0.1797,0.1082,-0.5663021276595744,-0.5483021276595745
477885900,0.4,0.4,0.0138,0.0162,0.7288,0.9161,0.9169,0.116,1.0,0.015,-0.38620000000000004,-0.38380000000000003
477887200,0.4,0.4,0.0138,0.0162,0.7247,0.912,0.9253,0.1124,0.9784,0.015,-0.38620000000000004,-0.38380000000000003
477890900,0.4,0.4,0.0069,0.0081,0.7244,0.9123,0.9212,0.1167,0.9738,0.0075,-0.3931,-0.3919
477906300,0.4,0.4,0.0138,0.0162,0.7259,0.915,0.916,0.1127,0.9902,0.015,-0.38620000000000004,-0.38380000000000003
477909300,0.4,0.4,0.0138,0.0162,0.7269,0.9119,0.9264,0.1113,0.9935,0.015,-0.38620000000000004,-0.38380000000000003
477914400,0.4,0.4,0.0069,0.0081,0.7291,0.9136,0.9213,0.1176,1.0,0.0075,-0.3931,-0.3919
477967300,0.4,0.4,0.0138,0.0163,0.7248,0.9139,0.9181,0.1215,0.9686,0.015,-0.38620000000000004,-0.38370000000000004
477987100,0.6494382022471911,0.6494382022471911,0.1136,0.135,0.6103,0.9135,0.9183,0.1106,0.2239,0.1286,-0.535838202247191,-0.5144382022471911
525005397,0.4,0.48,0.0,0.0,0.7247,0.9211,0.9155,0.1817,0.8514,0.0,-0.4,-0.48
525006403,0.4,0.48,0.0,0.0,0.7348,0.9218,0.9147,0.1954,0.8953,0.0,-0.4,-0.48
525007115,0.4,0.48,0.0225,0.0267,0.7304,0.9214,0.9149,0.2041,0.8521,0.0245,-0.3775,-0.4533
525009349,0.7218225419664268,0.7218225419664268,0.2001,0.2405,0.7251,0.9138,0.9205,0.1018,1.0,0.2181,-0.5217225419664269,-0.4813225419664268
525010156,0.4,0.48,0.0,0.0,0.7412,0.9214,0.9161,0.2163,0.9025,0.0,-0.4,-0.48
525010285,0.8151589242053789,0.8151589242053789,0.2238,0.2702,0.5974,0.9159,0.9161,0.1012,0.15,0.2546,-0.5913589242053789,-0.544958924205379
525013013,0.4,0.48,0.0133,0.0158,0.7466,0.9233,0.9159,0.2124,0.9398,0.0144,-0.38670000000000004,-0.4642
525013014,0.4,0.48,0.0,0.0,0.6868,0.9199,0.9164,0.1902,0.5868,0.0,-0.4,-0.48
525013016,0.4,0.48,0.0,0.0,0.7464,0.9204,0.9165,0.1875,0.9869,0.0,-0.4,-0.48
525013026,0.4,0.48,0.0,0.0,0.7538,0.9225,0.9157,0.2065,1.0,0.0,-0.4,-0.48
525013034,0.4,0.48,0.0,0.0,0.7522,0.9218,0.9155,0.2014,1.0,0.0,-0.4,-0.48
525015104,1.0,1.0,0.0396,0.0469,0.5847,0.9116,0.9192,0.1003,0.0742,0.0452,-0.9604,-0.9531000000000001
525015135,0.4,0.48,0.0,0.0,0.7431,0.9225,0.9161,0.2193,0.9071,0.0,-0.4,-0.48
525015391,0.4,0.48,0.0,0.0,0.7528,0.9218,0.915,0.2045,1.0,0.0,-0.4,-0.48
525015393,0.7601941747572816,0.7601941747572816,0.1104,0.1314,0.5954,0.9126,0.9224,0.1065,0.1284,0.1256,-0.6497941747572815,-0.6287941747572816
525015583,0.4,0.48,0.0,0.0,0.713,0.9195,0.916,0.1919,0.7605,0.0,-0.4,-0.48
525015658,0.7427244582043344,0.7427244582043344,0.3781,0.4613,0.7267,0.9145,0.9138,0.1126,1.0,0.4119,-0.3646244582043344,-0.2814244582043344
525015706,0.4,0.48,0.0,0.0,0.7046,0.92,0.9177,0.1709,0.7354,0.0,-0.4,-0.48
525015973,0.8157303370786517,0.8157303370786517,0.1192,0.142,0.5908,0.9133,0.9184,0.1003,0.1118,0.1359,-0.6965303370786518,-0.6737303370786517
525019019,0.4,0.5599999999999999,0.0,0.0,0.7549,0.927,0.914,0.2053,1.0,0.0,-0.4,-0.5599999999999999
525019100,0.4,0.48,0.0,0.0,0.7344,0.9199,0.9165,0.2093,0.8724,0.0,-0.4,-0.48
525019101,0.4,0.48,0.0,0.0,0.7556,0.921,0.9164,0.2157,1.0,0.0,-0.4,-0.48
525019381,0.8221153846153846,0.8221153846153846,0.1611,0.1927,0.5929,0.9155,0.9165,0.1009,0.121,0.1835,-0.6610153846153846,-0.6294153846153846
525019416,0.4,0.48,0.0,0.0,0.7095,0.9188,0.9167,0.2043,0.7174,0.0,-0.4,-0.48
525019465,0.4,0.48,0.0,0.0,0.7382,0.922,0.9157,0.2083,0.8946,0.0,-0.4,-0.48
525024397,0.4,0.48,0.0057,0.0068,0.7092,0.921,0.9147,0.1818,0.7493,0.0062,-0.39430000000000004,-0.4732
525025100,0.7169960474308301,0.7169960474308301,0.1471,0.1762,0.7327,0.9142,0.9272,0.1265,1.0,0.1599,-0.5698960474308301,-0.5407960474308301
525025101,0.7197405004633921,0.7197405004633921,0.3209,0.3898,0.7297,0.9141,0.9251,0.1163,1.0,0.3492,-0.3988405004633921,-0.32994050046339213
525100196,0.4,0.48,0.0,0.0,0.7517,0.9227,0.9151,0.1983,1.0,0.0,-0.4,-0.48
525100468,0.9641965678627143,0.9641965678627143,0.6324,0.7861,0.7238,0.9109,0.9414,0.0848,1.0,0.6896,-0.3317965678627144,-0.17809656786271433
525100552,0.6967741935483871,0.6967741935483871,0.1483,0.1768,0.6385,0.9147,0.9162,0.1249,0.3875,0.1663,-0.5484741935483871,-0.519974193548387
525109003,0.9383328837334772,0.9383328837334772,0.7551,0.9411,0.5944,0.9101,0.9204,0.1127,0.1206,0.8597,-0.18323288373347724,0.0027671162665228177
525109021,0.6601769911504425,0.6601769911504425,0.1454,0.1728,0.6623,0.9102,0.9222,0.1031,0.5868,0.1618,-0.5147769911504425,-0.4873769911504425
525109023,0.0323076923076923,0.0387692307692307,0.0077,0.0091,0.6668,0.9164,0.9205,0.1551,0.516,0.0085,-0.024607692307692303,-0.0296692307692307
525113005,0.4,0.48,0.0,0.0,0.719,0.921,0.9172,0.2038,0.7749,0.0,-0.4,-0.48
525113012,0.8672176308539945,0.8672176308539945,0.1878,0.2254,0.5857,0.9116,0.9212,0.0994,0.0798,0.2145,-0.6794176308539945,-0.6418176308539945
525113028,0.4,0.48,0.0,0.0,0.7456,0.9209,0.9168,0.2204,0.9254,0.0,-0.4,-0.48
525113031,0.4,0.48,0.0,0.0,0.7553,0.9231,0.9154,0.2119,1.0,0.0,-0.4,-0.48
525113034,0.4,0.48,0.0,0.0,0.742,0.9221,0.9147,0.2009,0.9332,0.0,-0.4,-0.48
525113038,0.7476861167002012,0.7476861167002012,0.1147,0.1365,0.6455,0.9178,0.9172,0.1018,0.4632,0.1284,-0.6329861167002012,-0.6111861167002013
525119189,0.4,0.48,0.0,0.0,0.7561,0.9216,0.9158,0.2171,1.0,0.0,-0.4,-0.48
525119190,0.4,0.48,0.0,0.0,0.7134,0.9181,0.9181,0.1962,0.7565,0.0,-0.4,-0.48
525119192,0.8258345428156749,0.8258345428156749,0.1387,0.1672,0.5957,0.9147,0.9153,0.1147,0.1207,0.1579,-0.687134542815675,-0.6586345428156749
525119238,0.4,0.4,0.0069,0.0081,0.7285,0.9141,0.9211,0.1365,0.9634,0.0075,-0.3931,-0.3919
525121062,0.4,0.48,0.0,0.0,0.7333,0.9229,0.9127,0.2095,0.8613,0.0,-0.4,-0.48
525125031,0.7278810408921933,0.7278810408921933,0.1798,0.2156,0.618,0.9151,0.9149,0.115,0.2683,0.2031,-0.5480810408921933,-0.5122810408921933
525125033,0.6988593155893537,0.6988593155893537,0.1358,0.162,0.6044,0.9144,0.9164,0.1236,0.1631,0.1541,-0.5630593155893536,-0.5368593155893536
525125034,0.7057831325301205,0.7057831325301205,0.1181,0.1409,0.6092,0.9131,0.9217,0.1203,0.1967,0.1338,-0.5876831325301205,-0.5648831325301205
525200098,0.0,0.0,0.0,0.0,0.6512,0.9195,0.913,0.2264,0.295,0.0,0.0,0.0
525301845,0.4,0.48,0.0,0.0,0.739,0.9179,0.9195,0.2319,0.8665,0.0,-0.4,-0.48
533000346,0.560337552742616,0.560337552742616,0.0527,0.0623,0.7245,0.9179,0.9171,0.0958,1.0,0.0575,-0.507637552742616,-0.49803755274261596
533000522,0.6140672782874618,0.6140672782874618,0.1346,0.1602,0.6438,0.9125,0.9205,0.1166,0.4368,0.1507,-0.4794672782874618,-0.45386727828746176
533052300,1.0,1.2,0.3215,0.4008,0.7289,0.9321,0.9037,0.1014,1.0,0.35,-0.6785,-0.7991999999999999
533130813,0.4,0.4,0.0135,0.0159,0.6649,0.9121,0.9246,0.1122,0.5806,0.015,-0.3865,-0.3841
533131021,0.4,0.4,0.0068,0.008,0.7094,0.9117,0.924,0.1189,0.8678,0.0075,-0.39320000000000005,-0.392
533131059,0.4,0.4,0.0206,0.0242,0.7137,0.9118,0.9229,0.1169,0.9012,0.0225,-0.3794,-0.3758
533132056,0.4,0.4,0.0137,0.0161,0.7178,0.9128,0.9205,0.1264,0.913,0.015,-0.38630000000000003,-0.3839
533132066,0.900740318906606,0.900740318906606,0.917,1.1422,0.7235,0.9125,0.9118,0.1046,1.0,1.0,0.01625968109339404,0.2414596810933941
533132075,1.0,1.0,0.5616,0.6921,0.637,0.9111,0.9184,0.1126,0.4049,0.6302,-0.4384,-0.30789999999999995
533132085,0.4,0.4,0.0207,0.0244,0.7291,0.9142,0.9215,0.1166,1.0,0.0225,-0.3793,-0.37560000000000004
533132161,0.6325624421831637,0.6325624421831637,0.1886,0.2253,0.6807,0.9143,0.9178,0.1161,0.6826,0.2086,-0.4439624421831637,-0.4072624421831637
533132436,0.6713333333333333,0.6713333333333333,0.1492,0.1779,0.7243,0.9105,0.9107,0.1118,1.0,0.1626,-0.5221333333333333,-0.49343333333333333
533132646,0.4,0.4,0.0206,0.0242,0.7228,0.9139,0.9194,0.1161,0.962,0.0225,-0.3794,-0.3758
533132786,0.4,0.4,0.0205,0.0241,0.7082,0.9119,0.9233,0.1197,0.8593,0.0225,-0.3795,-0.3759
533132826,0.4,0.4,0.0275,0.0324,0.7275,0.9143,0.9196,0.1164,0.9915,0.03,-0.3725,-0.36760000000000004
533132827,0.6099202834366697,0.6099202834366697,0.1479,0.1763,0.7139,0.9166,0.9154,0.1128,0.9064,0.1618,-0.4620202834366697,-0.4336202834366697
533132941,0.6834701055099648,0.6834701055099648,0.1406,0.1678,0.7311,0.9216,0.9164,0.1231,0.9895,0.1529,-0.5428701055099647,-0.5156701055099648
533133067,0.6299674267100978,0.6299674267100978,0.1382,0.1644,0.6179,0.9107,0.9226,0.1151,0.2688,0.1561,-0.49176742671009777,-0.46556742671009776
533133238,0.726241134751773,0.726241134751773,0.254,0.3065,0.6317,0.915,0.9203,0.1291,0.3289,0.2856,-0.472241134751773,-0.419741134751773
533133374,0.6307308970099668,0.6307308970099668,0.1646,0.1964,0.6959,0.9116,0.9202,0.1122,0.7945,0.1811,-0.4661308970099668,-0.43433089700996674
533133558,0.4,0.4,0.0413,0.0486,0.7232,0.9137,0.9207,0.1168,0.9627,0.045,-0.3587,-0.35140000000000005
533170079,0.6190975865687304,0.6190975865687304,0.1436,0.171,0.7084,0.9147,0.9174,0.1234,0.8547,0.1574,-0.47549758656873037,-0.44809758656873033
533170482,0.563895486935867,0.563895486935867,0.0966,0.1146,0.7269,0.9161,0.9169,0.1085,1.0,0.1052,-0.467295486935867,-0.449295486935867
533170531,0.8181052631578948,0.8181052631578948,0.3291,0.4043,0.7238,0.9104,0.9358,0.0899,1.0,0.3589,-0.4890052631578948,-0.4138052631578948
533170536,0.6018099547511313,0.6018099547511313,0.0987,0.1172,0.7288,0.9198,0.9098,0.1155,1.0,0.1075,-0.5031099547511313,-0.48460995475113133
533170635,0.5645408163265306,0.5645408163265306,0.0963,0.1142,0.6585,0.9132,0.9187,0.1163,0.5361,0.1073,-0.46824081632653064,-0.45034081632653067
533170679,0.7612476370510397,0.7612476370510397,0.2275,0.2729,0.6883,0.9107,0.9185,0.107,0.7572,0.251,-0.5337476370510397,-0.48834763705103973
533170768,0.4,0.4,0.0206,0.0242,0.7177,0.9139,0.9212,0.1154,0.9267,0.0225,-0.3794,-0.3758
533170821,0.5922268907563025,0.5922268907563025,0.1146,0.1363,0.7271,0.9179,0.9142,0.1128,0.9928,0.1248,-0.47762689075630255,-0.45592689075630255
533170822,0.6714634146341464,0.6714634146341464,0.1195,0.1422,0.7264,0.9125,0.9175,0.1116,1.0,0.1302,-0.5519634146341463,-0.5292634146341464
533170829,0.4,0.4,0.0206,0.0242,0.7155,0.9128,0.9215,0.1146,0.9162,0.0225,-0.3794,-0.3758
533180127,0.6966019417475728,0.6966019417475728,0.2749,0.3319,0.7155,0.9189,0.9176,0.1253,0.8874,0.3006,-0.42170194174757286,-0.36470194174757287
533180218,0.803486646884273,0.9641839762611276,0.5973,0.7447,0.7283,0.9256,0.9077,0.1061,1.0,0.6503,-0.2061866468842729,-0.2194839762611276
533283000,0.4,0.4,0.0273,0.0321,0.7037,0.9129,0.9206,0.1195,0.8305,0.03,-0.37270000000000003,-0.3679
533970000,0.4,0.4,0.0344,0.0405,0.7214,0.9145,0.92,0.1154,0.9516,0.0375,-0.36560000000000004,-0.35950000000000004
538002485,0.6238655462184874,0.6238655462184874,0.085,0.1006,0.6317,0.9105,0.9235,0.1092,0.3702,0.0956,-0.5388655462184875,-0.5232655462184874
538002666,0.6019892884468248,0.6019892884468248,0.1418,0.1689,0.6984,0.9149,0.9185,0.1073,0.8128,0.1559,-0.4601892884468247,-0.43308928844682476
538003120,0.650965250965251,0.650965250965251,0.1283,0.1523,0.6418,0.9103,0.9256,0.1021,0.4472,0.1438,-0.5226652509652511,-0.49866525096525105
538003181,0.6990825688073394,0.6990825688073394,0.1246,0.148,0.6676,0.9113,0.9253,0.1095,0.6042,0.1384,-0.5744825688073394,-0.5510825688073394
538004416,0.4,0.4,0.0136,0.016,0.6914,0.9115,0.9216,0.1119,0.7631,0.015,-0.3864,-0.384
538004893,0.7739769150052467,0.928772298006296,0.2165,0.2604,0.7215,0.9263,0.9165,0.1244,0.9103,0.2362,-0.5574769150052467,-0.668372298006296
538007157,0.6798706548100243,0.6798706548100243,0.1799,0.2147,0.6649,0.9117,0.9221,0.1128,0.584,0.2,-0.4999706548100243,-0.4651706548100243
538007386,0.7656565656565657,0.7656565656565657,0.2173,0.2604,0.6581,0.9157,0.9167,0.1225,0.5188,0.2421,-0.5483565656565657,-0.5052565656565657
538008152,0.7831168831168831,0.7831168831168831,0.2361,0.2831,0.596,0.9111,0.9189,0.1071,0.1401,0.2687,-0.5470168831168831,-0.5000168831168831
538008691,0.7631490787269681,0.7631490787269681,0.4236,0.5151,0.6523,0.9119,0.9187,0.1088,0.5104,0.4729,-0.33954907872696816,-0.24804907872696813
538008755,0.8403341288782816,0.8403341288782816,0.3985,0.4896,0.7275,0.9141,0.924,0.1083,1.0,0.4339,-0.4418341288782816,-0.35073412887828165
538008811,0.8030612244897959,0.8030612244897959,0.5752,0.7102,0.6449,0.9118,0.9209,0.1091,0.4583,0.6438,-0.22786122448979584,-0.09286122448979583
538008946,0.6498915401301518,0.6498915401301518,0.151,0.1798,0.674,0.9135,0.9184,0.1145,0.6417,0.1674,-0.4988915401301518,-0.47009154013015186
538009605,0.7004504504504505,0.7004504504504505,0.2571,0.3103,0.7073,0.9204,0.9152,0.1242,0.8338,0.2819,-0.4433504504504505,-0.3901504504504505
538009773,0.664855687606112,0.664855687606112,0.0767,0.0909,0.6587,0.9141,0.9164,0.1093,0.55,0.0855,-0.588155687606112,-0.573955687606112
538010029,0.6734299516908213,0.6734299516908213,0.1137,0.1351,0.6441,0.912,0.9237,0.1181,0.4333,0.1273,-0.5597299516908213,-0.5383299516908213
538010046,0.4,0.4,0.0137,0.0161,0.7002,0.9117,0.9256,0.1124,0.8154,0.015,-0.38630000000000003,-0.3839
538010121,0.4,0.4,0.0136,0.016,0.6814,0.9122,0.9216,0.1152,0.6896,0.015,-0.3864,-0.384
538010176,0.4,0.4,0.0135,0.0159,0.6628,0.9107,0.9279,0.1019,0.5833,0.015,-0.3865,-0.3841
538010344,0.4,0.4,0.0069,0.0081,0.719,0.9122,0.9233,0.1161,0.9365,0.0075,-0.3931,-0.3919
538010837,0.7543624161073825,0.905234899328859,0.2122,0.2554,0.7142,0.9254,0.9146,0.1282,0.8606,0.2321,-0.5421624161073826,-0.649834899328859
538010979,0.5977653631284916,0.5977653631284916,0.0295,0.0348,0.632,0.9132,0.9137,0.1258,0.3504,0.0332,-0.5682653631284916,-0.5629653631284917
538010991,0.7718811881188119,0.9262574257425742,0.245,0.2954,0.735,0.9272,0.9151,0.1271,0.9954,0.2662,-0.5268811881188119,-0.6308574257425742
538011017,0.0,0.0,0.0,0.0,0.7257,0.9149,0.9391,0.0876,1.0,0.0,0.0,0.0
538011073,0.4,0.4,0.0137,0.0161,0.7112,0.9122,0.9213,0.1098,0.8973,0.015,-0.38630000000000003,-0.3839
538011074,0.7366960907944514,0.7366960907944514,0.179,0.2135,0.6604,0.911,0.9207,0.109,0.5639,0.1993,-0.5576960907944515,-0.5231960907944514
538011844,0.4,0.4,0.0207,0.0244,0.7305,0.9158,0.9159,0.1239,1.0,0.0225,-0.3793,-0.37560000000000004
538012120,0.6440870387890255,0.6440870387890255,0.1484,0.1773,0.7207,0.9151,0.9244,0.121,0.93,0.162,-0.49568703878902554,-0.4667870387890255
538012137,0.9023255813953488,0.9023255813953488,0.2717,0.3267,0.5911,0.9126,0.9179,0.1005,0.1156,0.3097,-0.6306255813953487,-0.5756255813953488
538090571,0.7007582139848356,0.7007582139848356,0.2294,0.2753,0.6952,0.9151,0.9172,0.1074,0.7925,0.2525,-0.47135821398483563,-0.42545821398483563
538090582,0.6608355091383813,0.6608355091383813,0.3636,0.4419,0.6734,0.9154,0.9174,0.1175,0.6292,0.4031,-0.2972355091383813,-0.21893550913838128
538090605,0.4,0.4,0.0207,0.0244,0.729,0.9137,0.92,0.1182,1.0,0.0225,-0.3793,-0.37560000000000004
548263500,0.6495479204339965,0.6495479204339965,0.0926,0.1097,0.7032,0.9137,0.919,0.106,0.8495,0.1016,-0.5569479204339964,-0.5398479204339964
548985000,0.926366251198466,0.926366251198466,0.6316,0.7855,0.5968,0.9133,0.916,0.1075,0.143,0.7185,-0.294766251198466,-0.14086625119846607
563000000,0.9724770642201837,0.9724770642201837,0.612,0.7619,0.581,0.9106,0.9208,0.1003,0.0501,0.7,-0.36047706422018366,-0.21057706422018363
563011000,0.8861480075901329,0.8861480075901329,0.324,0.3914,0.5946,0.9113,0.9154,0.1122,0.126,0.3689,-0.5621480075901328,-0.4947480075901329
563049100,0.4,0.4,0.0069,0.0081,0.7196,0.9138,0.9201,0.1188,0.9359,0.0075,-0.3931,-0.3919
563053700,0.4,0.4,0.0069,0.0081,0.7293,0.9153,0.9199,0.1169,1.0,0.0075,-0.3931,-0.3919
563054900,0.7358752166377817,0.7358752166377817,0.1581,0.1885,0.6856,0.9157,0.9158,0.1231,0.7028,0.1746,-0.5777752166377816,-0.5473752166377817
563075510,0.954918972008512,0.954918972008512,0.6927,0.8636,0.615,0.9115,0.9185,0.1151,0.2526,0.7832,-0.26221897200851196,-0.09131897200851191
563075940,0.935225955967555,0.935225955967555,0.7935,0.9892,0.599,0.9111,0.9187,0.1145,0.1481,0.902,-0.141725955967555,0.05397404403244499
563082900,0.8013708019191227,0.8013708019191227,0.3718,0.4506,0.6027,0.9111,0.9217,0.1082,0.1792,0.4221,-0.42957080191912267,-0.3507708019191227
563083400,0.7670212765957447,0.7670212765957447,0.1683,0.2017,0.6596,0.9234,0.9155,0.1374,0.4854,0.1874,-0.5987212765957447,-0.5653212765957447
563087600,0.4,0.4,0.0138,0.0162,0.7287,0.9164,0.9174,0.1145,1.0,0.015,-0.38620000000000004,-0.38380000000000003
563088700,0.4,0.4,0.0137,0.0161,0.7153,0.9115,0.9247,0.1117,0.9188,0.015,-0.38630000000000003,-0.3839
563091100,0.696229802513465,0.696229802513465,0.1954,0.2346,0.7111,0.9233,0.9171,0.1264,0.8449,0.2139,-0.500829802513465,-0.46162980251346497
563095400,0.6489583333333333,0.6489583333333333,0.1528,0.1829,0.6632,0.9197,0.9163,0.1294,0.5312,0.17,-0.4961583333333333,-0.4660583333333333
563098900,0.8971428571428572,0.8971428571428572,0.5822,0.7201,0.5989,0.9115,0.918,0.1106,0.1538,0.6618,-0.3149428571428572,-0.17704285714285728
563107100,0.7078341013824885,0.7078341013824885,0.1389,0.1657,0.6881,0.9168,0.9207,0.1278,0.7021,0.1532,-0.5689341013824885,-0.5421341013824885
563111200,0.76075,0.76075,0.2004,0.2394,0.6441,0.9126,0.9197,0.1079,0.4542,0.2244,-0.56035,-0.52135
563115400,0.4,0.4,0.0069,0.0081,0.7277,0.9113,0.9256,0.1189,0.9889,0.0075,-0.3931,-0.3919
563115900,0.4,0.4,0.0069,0.0081,0.7296,0.9159,0.92,0.1169,1.0,0.0075,-0.3931,-0.3919
563116700,0.7843520782396087,0.7843520782396087,0.2141,0.2564,0.6236,0.9125,0.9177,0.118,0.3038,0.2414,-0.5702520782396088,-0.5279520782396088
563117100,0.4,0.4,0.0138,0.0162,0.727,0.914,0.9189,0.1104,1.0,0.015,-0.38620000000000004,-0.38380000000000003
563117200,0.4,0.4,0.0068,0.008,0.7103,0.9118,0.9237,0.1163,0.8783,0.0075,-0.39320000000000005,-0.392
563118300,0.4322147651006711,0.4322147651006711,0.0077,0.009,0.6611,0.9105,0.9293,0.0933,0.5847,0.0086,-0.4245147651006711,-0.4232147651006711
563123456,1.0,1.0,0.0324,0.0383,0.611,0.9107,0.9229,0.1121,0.2276,0.0367,-0.9676,-0.9617
563124300,0.7552631578947369,0.7552631578947369,0.1731,0.2065,0.6779,0.9111,0.9148,0.1169,0.675,0.1916,-0.5821631578947368,-0.5487631578947368
563125500,0.4,0.4,0.0069,0.0081,0.7129,0.9117,0.924,0.1166,0.8953,0.0075,-0.3931,-0.3919
563128200,0.706701030927835,0.706701030927835,0.2026,0.2429,0.7271,0.9192,0.9136,0.1068,1.0,0.2207,-0.504101030927835,-0.463801030927835
563133100,0.7091121495327103,0.7091121495327103,0.1738,0.2075,0.6375,0.9122,0.9174,0.1198,0.3948,0.195,-0.5353121495327102,-0.5016121495327103
563133800,0.9037162162162162,0.9037162162162162,0.1983,0.2372,0.6439,0.912,0.9145,0.1205,0.4403,0.222,-0.7054162162162162,-0.6665162162162163
563137600,0.5678977272727272,0.5678977272727272,0.0831,0.0984,0.6721,0.9128,0.9211,0.1147,0.6271,0.0922,-0.48479772727272724,-0.46949772727272726
563137900,0.7527102803738318,0.7527102803738318,0.2138,0.2571,0.7206,0.9166,0.9215,0.1212,0.9293,0.2334,-0.5389102803738318,-0.4956102803738318
563143100,0.4,0.4,0.0069,0.0081,0.7293,0.9151,0.9191,0.1177,1.0,0.0075,-0.3931,-0.3919
563152400,0.7283858998144712,0.7283858998144712,0.2339,0.2804,0.6263,0.9113,0.9186,0.1175,0.3248,0.2634,-0.4944858998144712,-0.44798589981447123
563152800,0.7456953642384105,0.7456953642384105,0.1715,0.2048,0.6126,0.9117,0.9194,0.1216,0.2244,0.194,-0.5741953642384106,-0.5408953642384106
563153200,0.4,0.4,0.0206,0.0242,0.722,0.9134,0.9204,0.1154,0.9581,0.0225,-0.3794,-0.3758
563156700,0.4,0.4,0.0136,0.016,0.696,0.9108,0.9254,0.1049,0.8024,0.015,-0.3864,-0.384
563158900,0.754792899408284,0.754792899408284,0.4509,0.556,0.7171,0.9221,0.9183,0.1245,0.8901,0.4927,-0.30389289940828396,-0.19879289940828393
563161400,0.4,0.4,0.0136,0.016,0.6858,0.9121,0.9258,0.1143,0.7146,0.015,-0.3864,-0.384
563165500,0.7249134948096886,0.7249134948096886,0.1243,0.1477,0.6583,0.9128,0.9173,0.1138,0.5417,0.1385,-0.6006134948096886,-0.5772134948096885
563168100,0.4,0.4,0.0069,0.0081,0.7199,0.9124,0.9211,0.1187,0.9404,0.0075,-0.3931,-0.3919
563169900,0.4,0.4,0.0069,0.0081,0.7156,0.9123,0.9214,0.1164,0.9156,0.0075,-0.3931,-0.3919
563171800,0.7245762711864407,0.7245762711864407,0.1577,0.1879,0.7017,0.9155,0.9179,0.116,0.8194,0.1732,-0.5668762711864408,-0.5366762711864408
563174100,0.6878756476683938,0.6878756476683938,0.1851,0.221,0.6652,0.9129,0.9173,0.115,0.5854,0.2058,-0.5027756476683938,-0.46687564766839385
563177300,0.4,0.4,0.0138,0.0162,0.7278,0.9154,0.9155,0.114,1.0,0.015,-0.38620000000000004,-0.38380000000000003
563178500,0.8091476091476092,0.8091476091476092,0.2516,0.3019,0.598,0.9094,0.9209,0.1066,0.1561,0.2861,-0.5575476091476093,-0.5072476091476092
563181000,0.7374149659863947,0.7374149659863947,0.2079,0.2487,0.6346,0.9138,0.917,0.1159,0.3781,0.2335,-0.5295149659863947,-0.48871496598639463
563181600,0.0,0.0,0.0069,0.0081,0.7242,0.9119,0.9235,0.0988,1.0,0.0075,0.0069,0.0081
563185700,0.7102702702702703,0.7102702702702703,0.352,0.4257,0.6361,0.9111,0.9221,0.1088,0.4,0.3951,-0.35827027027027036,-0.2845702702702703
563187500,0.4,0.4,0.0068,0.008,0.7066,0.9119,0.9233,0.1188,0.8501,0.0075,-0.39320000000000005,-0.392
563190100,0.4,0.4,0.0069,0.0081,0.73,0.9138,0.9181,0.1233,1.0,0.0075,-0.3931,-0.3919
563190300,0.4,0.4,0.0207,0.0244,0.7283,0.9143,0.9194,0.1148,1.0,0.0225,-0.3793,-0.37560000000000004
563192500,0.7327067669172933,0.7327067669172933,0.1739,0.2076,0.6979,0.917,0.916,0.1227,0.7814,0.1912,-0.5588067669172934,-0.5251067669172933
563192600,0.4,0.4,0.0069,0.0081,0.7305,0.9158,0.9189,0.1214,1.0,0.0075,-0.3931,-0.3919
563195300,0.4,0.4,0.0203,0.0239,0.6779,0.9121,0.921,0.1192,0.6604,0.0225,-0.37970000000000004,-0.37610000000000005
563195600,0.4,0.4,0.0136,0.016,0.69,0.9111,0.923,0.1138,0.75,0.015,-0.3864,-0.384
563195900,0.4,0.4,0.0068,0.008,0.708,0.9117,0.925,0.1157,0.8626,0.0075,-0.39320000000000005,-0.392
563196200,0.7258110014104373,0.7258110014104373,0.3256,0.3929,0.6785,0.9135,0.9209,0.1145,0.6688,0.3604,-0.4002110014104373,-0.3329110014104373
563202400,0.8110497237569061,0.8110497237569061,0.2996,0.3612,0.6143,0.9111,0.9196,0.1142,0.249,0.3388,-0.5114497237569061,-0.4498497237569061
563205200,0.7792452830188679,0.7792452830188679,0.1707,0.2044,0.6682,0.9185,0.9201,0.1299,0.5618,0.1896,-0.6085452830188679,-0.5748452830188678
563208500,0.4,0.4,0.0069,0.0081,0.7291,0.9153,0.9202,0.1159,1.0,0.0075,-0.3931,-0.3919
563209500,0.4,0.4,0.0138,0.0162,0.7278,0.9155,0.9167,0.1131,1.0,0.015,-0.38620000000000004,-0.38380000000000003
563215100,0.9717100078802208,0.9717100078802208,0.5222,0.65,0.7207,0.9084,0.9105,0.1009,1.0,0.57,-0.4495100078802208,-0.32171000788022075
563219300,0.9115987460815048,0.9115987460815048,0.7166,0.8951,0.6794,0.915,0.9185,0.1327,0.6438,0.7929,-0.1949987460815048,-0.01649874608150481
563220900,0.4,0.4,0.0136,0.016,0.6976,0.9111,0.9238,0.1137,0.7997,0.015,-0.3864,-0.384
563224400,0.8127748691099477,0.8127748691099477,0.2403,0.2884,0.6194,0.9132,0.9167,0.1088,0.2903,0.2713,-0.5724748691099477,-0.5243748691099477
563226600,0.4,0.4,0.0069,0.0081,0.7301,0.9122,0.9269,0.1192,1.0,0.0075,-0.3931,-0.3919
563228200,0.756140350877193,0.756140350877193,0.1593,0.1898,0.6307,0.9122,0.9192,0.1081,0.3666,0.1791,-0.596840350877193,-0.566340350877193
563230600,0.7421897810218978,0.7421897810218978,0.4496,0.5505,0.7279,0.9205,0.9126,0.1183,0.9843,0.4895,-0.2925897810218978,-0.19168978102189782
563231600,0.7965650969529086,0.7965650969529086,0.4738,0.5786,0.6536,0.9122,0.9191,0.1094,0.5167,0.5287,-0.32276509695290856,-0.21796509695290855
563232800,0.6665066026410564,0.6665066026410564,0.1474,0.1755,0.6164,0.9111,0.9201,0.1147,0.262,0.1666,-0.5191066026410565,-0.49100660264105644
563234400,0.6927643784786642,0.6927643784786642,0.109,0.1293,0.6486,0.9113,0.9234,0.1119,0.4764,0.1218,-0.5837643784786642,-0.5634643784786643
563235600,0.4,0.4,0.0135,0.0159,0.6676,0.9116,0.9219,0.1143,0.6,0.015,-0.3865,-0.3841
563237100,0.4,0.4,0.0069,0.0081,0.7288,0.9136,0.9201,0.1172,1.0,0.0075,-0.3931,-0.3919
563242400,0.7817619783616693,0.7817619783616693,0.4795,0.5867,0.6444,0.9139,0.9185,0.1216,0.4313,0.5368,-0.3022619783616693,-0.19506197836166927
563242900,0.6433609958506225,0.6433609958506225,0.1628,0.1941,0.6812,0.913,0.9191,0.1143,0.691,0.18,-0.48056099585062245,-0.44926099585062246
563243500,0.4,0.4,0.0069,0.0081,0.7301,0.9122,0.9272,0.1191,1.0,0.0075,-0.3931,-0.3919
563246800,0.5522842639593909,0.5522842639593909,0.0218,0.0257,0.6952,0.9113,0.9191,0.1067,0.801,0.024,-0.5304842639593909,-0.526584263959391
563247600,0.6928429423459245,0.6928429423459245,0.1874,0.2239,0.6747,0.9114,0.921,0.1126,0.6521,0.2077,-0.5054429423459245,-0.4689429423459245
563250400,0.7433890214797136,0.7433890214797136,0.4274,0.5234,0.6741,0.9165,0.9166,0.1166,0.6333,0.4737,-0.31598902147971364,-0.21998902147971366
563250900,0.4,0.4,0.0138,0.0162,0.7274,0.9151,0.9176,0.1113,1.0,0.015,-0.38620000000000004,-0.38380000000000003
563253200,0.6164261931187569,0.6164261931187569,0.1317,0.1566,0.6731,0.9133,0.9193,0.1145,0.6354,0.146,-0.48472619311875687,-0.45982619311875694
563257300,0.7636568848758465,0.7636568848758465,0.201,0.2403,0.6025,0.9102,0.9242,0.1116,0.1713,0.2282,-0.5626568848758464,-0.5233568848758465
563257700,0.4,0.4,0.0069,0.0081,0.7178,0.913,0.9211,0.1175,0.9267,0.0075,-0.3931,-0.3919
563258700,0.678393351800554,0.678393351800554,0.0529,0.0628,0.6429,0.9144,0.916,0.1124,0.4389,0.0592,-0.6254933518005541,-0.6155933518005541
563259300,0.798776758409786,0.798776758409786,0.2232,0.2686,0.7017,0.9197,0.9157,0.125,0.7965,0.2451,-0.575576758409786,-0.5301767584097861
563273800,0.6151774785801714,0.6151774785801714,0.1121,0.1331,0.7267,0.9173,0.9154,0.1069,1.0,0.1221,-0.5030774785801714,-0.48207747858017136
563274600,0.7240641711229947,0.7240641711229947,0.1526,0.1819,0.6477,0.9103,0.9215,0.1179,0.4653,0.1706,-0.5714641711229946,-0.5421641711229948
563285400,0.7752753977968176,0.7752753977968176,0.2202,0.2635,0.6215,0.9106,0.9201,0.107,0.3101,0.2484,-0.5550753977968177,-0.5117753977968176
563299000,0.6660633484162897,0.6660633484162897,0.0978,0.116,0.7265,0.9181,0.9168,0.1037,1.0,0.1066,-0.5682633484162897,-0.5500633484162897
563304600,0.7886451612903226,0.7886451612903226,0.1417,0.1691,0.7253,0.919,0.9194,0.0951,1.0,0.1544,-0.6469451612903225,-0.6195451612903226
563625000,0.7292759706190977,0.7292759706190977,0.1957,0.2341,0.6121,0.9118,0.9188,0.1184,0.2265,0.2215,-0.5335759706190977,-0.4951759706190977
563675000,0.4,0.4,0.0069,0.0081,0.7296,0.9155,0.9189,0.1184,1.0,0.0075,-0.3931,-0.3919
563750000,0.919774806474314,0.919774806474314,0.6266,0.7815,0.6505,0.9114,0.9196,0.1195,0.4812,0.7,-0.29317480647431393,-0.138274806474314
563886000,0.7927710843373494,0.7927710843373494,0.1299,0.1544,0.6489,0.9105,0.9165,0.1137,0.4868,0.1452,-0.6628710843373494,-0.6383710843373495
563887000,0.4,0.4,0.0069,0.0081,0.7296,0.9151,0.9184,0.1195,1.0,0.0075,-0.3931,-0.3919
563916000,0.731685393258427,0.731685393258427,0.189,0.2261,0.6241,0.9129,0.9155,0.1262,0.295,0.213,-0.542685393258427,-0.505585393258427
563961000,0.0,0.0,0.0,0.0,0.6331,0.914,0.9201,0.1387,0.3253,0.0,0.0,0.0
563984000,0.819078104993598,0.819078104993598,0.4503,0.5527,0.6311,0.9153,0.9155,0.1159,0.3524,0.5063,-0.36877810499359803,-0.26637810499359804
564029000,0.6785714285714286,0.6785714285714286,0.1525,0.1818,0.6138,0.9122,0.9177,0.122,0.2328,0.1725,-0.5260714285714286,-0.49677142857142864
564030000,0.4,0.4,0.0207,0.0244,0.7291,0.9144,0.9222,0.1155,1.0,0.0225,-0.3793,-0.37560000000000004
564058000,0.791866028708134,0.791866028708134,0.2074,0.248,0.6007,0.9095,0.9267,0.106,0.167,0.2356,-0.584466028708134,-0.543866028708134
564169000,0.7253218884120172,0.7253218884120172,0.1921,0.2294,0.6891,0.9142,0.918,0.1096,0.7493,0.2119,-0.5332218884120172,-0.4959218884120172
564226000,0.7105485232067511,0.7105485232067511,0.1454,0.1729,0.606,0.9095,0.9257,0.1031,0.2087,0.1649,-0.5651485232067511,-0.5376485232067512
564241000,0.722626788036411,0.722626788036411,0.3402,0.4113,0.6536,0.9116,0.9233,0.1058,0.5188,0.3796,-0.382426788036411,-0.311326788036411
564246000,0.4,0.4,0.0069,0.0081,0.7299,0.9157,0.9202,0.1183,1.0,0.0075,-0.3931,-0.3919
564391000,0.7217785843920146,0.7217785843920146,0.328,0.3967,0.6407,0.9137,0.9193,0.1242,0.4021,0.3676,-0.3937785843920146,-0.3250785843920146
564407000,0.8660869565217392,0.8660869565217392,0.5156,0.6333,0.5987,0.9099,0.9234,0.1139,0.144,0.5862,-0.3504869565217392,-0.2327869565217392
564440000,0.4,0.4,0.0205,0.0241,0.6979,0.9141,0.918,0.1194,0.7919,0.0225,-0.3795,-0.3759
564588000,0.4,0.4,0.0068,0.008,0.7091,0.9136,0.9197,0.1188,0.8665,0.0075,-0.39320000000000005,-0.392
564599000,0.4,0.4,0.0138,0.0162,0.7231,0.9126,0.9259,0.1112,0.9673,0.015,-0.38620000000000004,-0.38380000000000003
564619000,0.4,0.4,0.0069,0.0081,0.7297,0.9157,0.9207,0.117,1.0,0.0075,-0.3931,-0.3919
564880000,0.8104223806911685,0.8104223806911685,0.4681,0.5725,0.6042,0.911,0.9192,0.1149,0.1816,0.5312,-0.34232238069116844,-0.23792238069116844
564909000,0.7571084337349399,0.7571084337349399,0.1943,0.232,0.5984,0.9094,0.924,0.1048,0.1577,0.2209,-0.5628084337349398,-0.5251084337349399
564938000,0.7885297184567257,0.7885297184567257,0.2467,0.296,0.6378,0.9109,0.9225,0.1105,0.409,0.2768,-0.5418297184567257,-0.4925297184567257
565032000,0.4,0.4,0.0068,0.008,0.699,0.9116,0.9248,0.1181,0.7991,0.0075,-0.39320000000000005,-0.392
565050000,0.862716049382716,0.862716049382716,0.2957,0.358,0.7299,0.9156,0.9268,0.1134,1.0,0.3218,-0.5670160493827159,-0.504716049382716
565127000,0.6260521042084168,0.6260521042084168,0.0664,0.0785,0.6206,0.9105,0.9233,0.1114,0.2924,0.0749,-0.5596521042084168,-0.5475521042084168
565133000,0.6502564102564103,0.6502564102564103,0.0861,0.102,0.6228,0.9107,0.9246,0.1135,0.3012,0.0971,-0.5641564102564104,-0.5482564102564104
565220000,0.4,0.4,0.0138,0.0162,0.7274,0.9144,0.9188,0.1114,1.0,0.015,-0.38620000000000004,-0.38380000000000003
565615000,0.788,0.788,0.5358,0.6585,0.6307,0.9114,0.9205,0.1106,0.3629,0.6026,-0.2522,-0.12950000000000006
565688000,0.8835187057633973,0.8835187057633973,0.2104,0.253,0.598,0.9101,0.9245,0.117,0.1319,0.2393,-0.6731187057633973,-0.6305187057633973
565696000,0.8677915632754343,0.8677915632754343,0.5858,0.7253,0.7256,0.9145,0.9114,0.1102,1.0,0.6383,-0.2819915632754343,-0.14249156327543433
565772000,0.6441215323645971,0.6441215323645971,0.1221,0.1452,0.6228,0.9132,0.917,0.1246,0.2866,0.1377,-0.5220215323645971,-0.49892153236459713
565777000,0.8296482412060302,0.8296482412060302,0.12,0.1433,0.6013,0.9103,0.9244,0.1209,0.1474,0.1363,-0.7096482412060302,-0.6863482412060302
565780000,0.6792665726375177,0.6792665726375177,0.131,0.156,0.6323,0.9132,0.9142,0.1287,0.3467,0.1472,-0.5482665726375177,-0.5232665726375176
565795000,0.790273556231003,0.790273556231003,0.2536,0.3049,0.6356,0.9137,0.9159,0.1239,0.3733,0.2847,-0.536673556231003,-0.48537355623100303
565887000,0.7161538461538461,0.7161538461538461,0.2925,0.3522,0.682,0.9149,0.9173,0.1148,0.6924,0.3234,-0.42365384615384616,-0.36395384615384613
565893000,0.872538860103627,0.872538860103627,0.4093,0.4981,0.6016,0.913,0.9165,0.1149,0.1627,0.4649,-0.463238860103627,-0.37443886010362704
565904000,0.6275862068965518,0.6275862068965518,0.1715,0.2049,0.6657,0.9142,0.9171,0.1119,0.591,0.1906,-0.45608620689655177,-0.4226862068965518
565953000,0.7927797833935019,0.7927797833935019,0.4516,0.5528,0.7265,0.9131,0.9241,0.1058,1.0,0.492,-0.34117978339350186,-0.2399797833935019
566127000,0.7431578947368421,0.7431578947368421,0.3771,0.4564,0.6339,0.9115,0.9193,0.1088,0.3885,0.4236,-0.36605789473684214,-0.28675789473684216
566387000,0.4,0.4,0.0138,0.0162,0.7278,0.9119,0.9259,0.1116,1.0,0.015,-0.38620000000000004,-0.38380000000000003
566773000,0.7331136738056012,0.7331136738056012,0.1321,0.1571,0.668,0.9129,0.9177,0.1139,0.6056,0.1467,-0.6010136738056012,-0.5760136738056012
566894000,0.8424242424242424,0.8424242424242424,0.2548,0.306,0.6288,0.9118,0.9178,0.1119,0.3504,0.2867,-0.5876242424242424,-0.5364242424242425
566919000,0.4,0.4,0.0,0.0,0.7238,0.912,0.9247,0.0961,1.0,0.0,-0.4,-0.4
566981000,0.72370820668693,0.72370820668693,0.1339,0.1591,0.6007,0.9093,0.9222,0.1041,0.1768,0.1521,-0.58980820668693,-0.56460820668693
567068500,0.759879437374414,0.759879437374414,0.6351,0.793,0.691,0.9161,0.9165,0.1275,0.7292,0.7,-0.12477943737441399,0.03312056262558605
567383000,0.6327868852459017,0.6327868852459017,0.0888,0.1052,0.6649,0.9144,0.9173,0.112,0.5847,0.0987,-0.5439868852459017,-0.5275868852459017
567624000,0.7568250150330728,0.7568250150330728,0.4146,0.5038,0.6547,0.912,0.9206,0.1082,0.525,0.4625,-0.34222501503307273,-0.25302501503307273
574001630,0.5076555023923445,0.5076555023923445,0.0429,0.0506,0.6843,0.9119,0.922,0.109,0.7194,0.0474,-0.4647555023923445,-0.4570555023923445
574004780,0.8475336322869955,0.8475336322869955,0.1928,0.2303,0.6252,0.9108,0.9256,0.1087,0.3242,0.2172,-0.6547336322869955,-0.6172336322869956
574005640,0.7807174887892376,0.7807174887892376,0.2208,0.2643,0.6215,0.9104,0.9205,0.1069,0.3101,0.2491,-0.5599174887892376,-0.5164174887892377
620800054,0.7861231569817866,0.7861231569817866,0.2729,0.3297,0.7257,0.915,0.93,0.0947,1.0,0.2974,-0.5132231569817867,-0.4564231569817866
620800065,0.5731958762886598,0.5731958762886598,0.0886,0.105,0.7278,0.9148,0.9245,0.1078,1.0,0.0965,-0.48459587628865974,-0.4681958762886598
620999949,0.454,0.454,0.0175,0.0206,0.7263,0.9118,0.9239,0.1073,1.0,0.0191,-0.4365,-0.4334
622121427,0.6376299376299377,0.6376299376299377,0.1574,0.1875,0.6534,0.9114,0.9201,0.1131,0.5104,0.1757,-0.4802299376299377,-0.4501299376299377
624019000,0.7531598513011153,0.7531598513011153,0.1805,0.2155,0.6375,0.9142,0.9172,0.1094,0.4069,0.2025,-0.5726598513011153,-0.5376598513011153
624023000,0.7528476821192053,0.7528476821192053,0.17,0.2027,0.6323,0.9139,0.9169,0.1054,0.3801,0.1911,-0.5828476821192052,-0.5501476821192053
636012797,0.6684378320935176,0.6684378320935176,0.1709,0.2039,0.6131,0.9111,0.9206,0.1146,0.2396,0.1933,-0.4975378320935176,-0.4645378320935176
636013119,0.4,0.4,0.0206,0.0242,0.7243,0.9134,0.9226,0.1167,0.9686,0.0225,-0.3794,-0.3758
636013530,0.4,0.4,0.0069,0.0081,0.73,0.9142,0.9172,0.1234,1.0,0.0075,-0.3931,-0.3919
636014955,0.4,0.4,0.0138,0.0162,0.7273,0.9156,0.9196,0.1085,1.0,0.015,-0.38620000000000004,-0.38380000000000003
636015481,0.8232415902140673,0.8232415902140673,0.2917,0.3513,0.6334,0.9137,0.9173,0.1181,0.366,0.3278,-0.5315415902140672,-0.4719415902140673
636015873,0.8080931263858093,0.8080931263858093,0.5048,0.6177,0.665,0.9126,0.9215,0.1092,0.5889,0.5612,-0.3032931263858093,-0.1903931263858093
636016118,0.7153258954785673,0.7153258954785673,0.3641,0.4404,0.6689,0.9123,0.9218,0.1064,0.6201,0.4042,-0.3512258954785673,-0.2749258954785673
636016179,0.5077464788732394,0.5077464788732394,0.0692,0.0819,0.6955,0.914,0.9171,0.1176,0.7808,0.0762,-0.43854647887323944,-0.42584647887323945
636016677,0.7870485678704857,0.7870485678704857,0.3594,0.4392,0.6915,0.9239,0.9171,0.1332,0.7014,0.3961,-0.4276485678704857,-0.34784856787048574
636016852,0.7916913946587537,0.7916913946587537,0.3669,0.4458,0.6438,0.9106,0.926,0.1013,0.4604,0.4108,-0.4247913946587537,-0.34589139465875374
636016940,0.8394961096702482,0.8394961096702482,0.6657,0.8297,0.7258,0.9099,0.9172,0.1134,1.0,0.7254,-0.17379610967024828,-0.009796109670248243
636017016,0.7492537313432837,0.7492537313432837,0.3416,0.4169,0.732,0.9207,0.9189,0.1199,1.0,0.3715,-0.40765373134328364,-0.33235373134328366
636017245,0.7123028391167192,0.7123028391167192,0.1391,0.1654,0.6466,0.9101,0.9205,0.112,0.4694,0.1556,-0.5732028391167192,-0.5469028391167192
636017360,0.7634801288936628,0.7634801288936628,0.1972,0.2361,0.6619,0.9116,0.9188,0.1175,0.5611,0.2195,-0.5662801288936627,-0.5273801288936628
636017404,0.976207336071378,0.976207336071378,0.728,0.9066,0.5863,0.9119,0.9186,0.1032,0.0801,0.8312,-0.24820733607137802,-0.06960733607137803
636017440,0.7054711246200609,0.7054711246200609,0.2734,0.329,0.6047,0.9126,0.9172,0.1217,0.172,0.3102,-0.4320711246200609,-0.3764711246200609
636017803,0.8667410714285715,0.8667410714285715,0.238,0.2877,0.6447,0.9208,0.9174,0.133,0.3974,0.2664,-0.6287410714285715,-0.5790410714285714
636017971,0.7370434782608696,0.7370434782608696,0.2733,0.3287,0.7079,0.9125,0.9237,0.1096,0.8717,0.2995,-0.4637434782608696,-0.4083434782608696
636018141,0.7340369393139842,0.7340369393139842,0.1571,0.1873,0.6025,0.9135,0.9178,0.1113,0.1715,0.1784,-0.5769369393139842,-0.5467369393139841
636018226,0.6316,0.6316,0.0706,0.0835,0.6164,0.9112,0.9253,0.1061,0.2688,0.0798,-0.561,-0.5481
636018318,0.7563722584469472,0.7563722584469472,0.5867,0.7265,0.7111,0.9185,0.9155,0.1285,0.8567,0.6424,-0.16967225844694722,-0.029872258446947186
636018380,0.8182076813655761,0.8182076813655761,0.2161,0.2589,0.6474,0.9142,0.915,0.1223,0.4542,0.2417,-0.6021076813655761,-0.5593076813655761
636018529,0.8027972027972028,0.8027972027972028,0.2236,0.2678,0.6869,0.9141,0.9178,0.1115,0.7319,0.2468,-0.5791972027972028,-0.5349972027972028
636018693,0.7695924764890283,0.7695924764890283,0.1681,0.2005,0.666,0.915,0.9178,0.1153,0.584,0.1868,-0.6014924764890283,-0.5690924764890283
636018769,0.7789473684210526,0.7789473684210526,0.1862,0.2225,0.6342,0.912,0.9221,0.1203,0.366,0.2091,-0.5927473684210526,-0.5564473684210526
636019336,0.6611850060459492,0.6611850060459492,0.1679,0.2,0.6712,0.9134,0.9197,0.1062,0.6354,0.1863,-0.4932850060459492,-0.4611850060459492
636019700,0.5299212598425197,0.5299212598425197,0.0311,0.0367,0.7313,0.9176,0.9178,0.1229,1.0,0.0338,-0.4988212598425197,-0.4932212598425197
636019821,0.6423183072677093,0.6423183072677093,0.1763,0.2109,0.7058,0.9157,0.9224,0.1245,0.8259,0.1934,-0.4660183072677093,-0.43141830726770936
636019861,0.6962699822380107,0.6962699822380107,0.1031,0.1222,0.6495,0.9104,0.9256,0.1081,0.4882,0.1152,-0.5931699822380108,-0.5740699822380108
636019893,0.4,0.4,0.0069,0.0081,0.7293,0.9114,0.9263,0.118,1.0,0.0075,-0.3931,-0.3919
636020206,0.6323770491803279,0.6323770491803279,0.0758,0.0897,0.6741,0.9146,0.9182,0.1107,0.6465,0.084,-0.5565770491803279,-0.5426770491803279
636020254,0.7120603015075377,0.7120603015075377,0.2488,0.2986,0.659,0.9127,0.917,0.1167,0.5424,0.2771,-0.4632603015075377,-0.41346030150753776
636020992,0.7568290353390641,0.7568290353390641,0.6042,0.7537,0.7117,0.9165,0.9214,0.118,0.8757,0.6614,-0.15262903533906413,-0.003129035339064057
636021031,0.6127764127764128,0.6127764127764128,0.1761,0.2101,0.717,0.9136,0.9184,0.1158,0.926,0.1924,-0.4366764127764128,-0.4026764127764128
636021202,0.4,0.4,0.0069,0.0081,0.7141,0.9124,0.9222,0.1183,0.9005,0.0075,-0.3931,-0.3919
636021234,0.4,0.4,0.0137,0.0161,0.7145,0.9124,0.9209,0.1106,0.9182,0.015,-0.38630000000000003,-0.3839
636021400,0.8468831168831169,0.8468831168831169,0.3838,0.4682,0.6677,0.9133,0.917,0.115,0.6014,0.4263,-0.46308311688311693,-0.3786831168831169
636021412,0.4,0.4,0.0138,0.0162,0.7279,0.9163,0.9186,0.1106,1.0,0.015,-0.38620000000000004,-0.38380000000000003
636021595,0.6585714285714286,0.6585714285714286,0.2366,0.2836,0.6577,0.9126,0.9202,0.1109,0.5396,0.2637,-0.42197142857142855,-0.37497142857142857
636021614,0.7245901639344263,0.7245901639344263,0.2353,0.2823,0.6821,0.9114,0.921,0.1197,0.6896,0.2601,-0.4892901639344263,-0.44229016393442633
636021830,0.4,0.4,0.0069,0.0081,0.7278,0.9121,0.9218,0.1146,1.0,0.0075,-0.3931,-0.3919
636021857,0.7929347826086957,0.7929347826086957,0.3797,0.4615,0.6778,0.917,0.9156,0.1225,0.6486,0.4204,-0.41323478260869567,-0.33143478260869563
636022036,0.859682899207248,0.859682899207248,0.4357,0.5334,0.7252,0.9105,0.9362,0.095,1.0,0.4748,-0.4239828992072481,-0.32628289920724807
636022037,0.7561576354679803,0.7561576354679803,0.4319,0.5278,0.7274,0.9177,0.9141,0.1099,1.0,0.4704,-0.3242576354679803,-0.22835763546798027
636022078,0.7414388489208633,0.7414388489208633,0.2386,0.2869,0.7249,0.9104,0.9246,0.1033,1.0,0.26,-0.5028388489208633,-0.4545388489208633
636022117,0.8136312849162011,0.8136312849162011,0.4668,0.5708,0.6617,0.9122,0.9187,0.121,0.5521,0.5195,-0.3468312849162011,-0.2428312849162011
636022307,0.7610810810810811,0.7610810810810811,0.137,0.163,0.7033,0.9104,0.9164,0.1186,0.8416,0.1504,-0.6240810810810811,-0.598081081081081
636022350,0.6865979381443299,0.6865979381443299,0.2195,0.2627,0.6447,0.9114,0.9221,0.1137,0.4486,0.2457,-0.46709793814432987,-0.4238979381443299
636022412,0.7279960707269155,0.7279960707269155,0.4465,0.5437,0.6543,0.9117,0.9225,0.1068,0.5229,0.4982,-0.2814960707269155,-0.18429607072691556
636022573,0.4,0.4,0.0069,0.0081,0.7168,0.9119,0.9247,0.1206,0.913,0.0075,-0.3931,-0.3919
636022785,0.4,0.4,0.0136,0.016,0.6903,0.9121,0.9191,0.1122,0.7572,0.015,-0.3864,-0.384
636022815,0.5949416342412451,0.5949416342412451,0.066,0.078,0.6265,0.9134,0.9187,0.1048,0.341,0.0743,-0.5289416342412452,-0.5169416342412452
636023004,0.4,0.4,0.0137,0.0161,0.7029,0.9117,0.9207,0.1109,0.8423,0.015,-0.38630000000000003,-0.3839
636023010,0.4019480519480519,0.4019480519480519,0.0071,0.0084,0.7208,0.9134,0.9177,0.1233,0.9404,0.0077,-0.3948480519480519,-0.39354805194805187
636023015,0.7814285714285714,0.7814285714285714,0.2871,0.346,0.6113,0.9116,0.9199,0.1199,0.2181,0.325,-0.49432857142857134,-0.4354285714285714
636023140,0.4,0.4,0.0138,0.0162,0.7236,0.9152,0.9185,0.1105,0.9745,0.015,-0.38620000000000004,-0.38380000000000003
636023316,0.4,0.4,0.0136,0.016,0.6894,0.912,0.9259,0.1139,0.7396,0.015,-0.3864,-0.384
636023689,0.4,0.4,0.0068,0.008,0.6982,0.912,0.9218,0.1199,0.7938,0.0075,-0.39320000000000005,-0.392
636023771,0.8343848580441641,0.8343848580441641,0.3387,0.4095,0.5972,0.912,0.9185,0.1049,0.1499,0.3852,-0.49568485804416407,-0.4248848580441641
636023797,0.7020408163265306,0.7020408163265306,0.1093,0.1297,0.6184,0.9128,0.9161,0.109,0.2856,0.1234,-0.5927408163265306,-0.5723408163265306
636023940,0.7198979591836735,0.7198979591836735,0.2318,0.2786,0.6824,0.9137,0.9192,0.1265,0.6764,0.2562,-0.4880979591836735,-0.4412979591836735
636023941,0.7362637362637363,0.7362637362637363,0.2093,0.2504,0.6676,0.9108,0.9197,0.1152,0.6035,0.2325,-0.5269637362637363,-0.4858637362637363
636023943,0.6863070539419087,0.6863070539419087,0.1259,0.1497,0.7274,0.9144,0.9178,0.1122,1.0,0.1371,-0.5604070539419087,-0.5366070539419088
636024250,0.7962566844919786,0.7962566844919786,0.1902,0.2273,0.6162,0.9116,0.9179,0.1183,0.2563,0.2149,-0.6060566844919786,-0.5689566844919787
636024261,0.4351464435146444,0.4351464435146444,0.0158,0.0186,0.7278,0.9143,0.9169,0.1148,1.0,0.0172,-0.4193464435146444,-0.41654644351464437
636024345,0.7299509001636661,0.7299509001636661,0.1958,0.2359,0.6759,0.921,0.9168,0.1304,0.6104,0.2169,-0.5341509001636662,-0.49405090016366615
636024347,0.7502191060473269,0.7502191060473269,0.2463,0.2969,0.734,0.9243,0.9171,0.1233,1.0,0.2677,-0.5039191060473269,-0.4533191060473269
636024446,0.7324373854612096,0.7324373854612096,0.5975,0.7458,0.6744,0.9169,0.919,0.1233,0.6201,0.6622,-0.1349373854612096,0.013362614538790396
636024508,0.8216828478964402,0.8216828478964402,0.5003,0.6133,0.6266,0.9127,0.9182,0.1081,0.3389,0.5634,-0.3213828478964402,-0.20838284789644024
636024582,0.4,0.4,0.0069,0.0081,0.7301,0.9158,0.9196,0.1195,1.0,0.0075,-0.3931,-0.3919
636024837,0.6883910386965377,0.6883910386965377,0.096,0.1138,0.6257,0.9107,0.92,0.1109,0.331,0.1082,-0.5923910386965378,-0.5745910386965377
636024987,0.7604588910133843,0.7604588910133843,0.5306,0.6571,0.727,0.9142,0.9262,0.1045,1.0,0.5779,-0.2298588910133843,-0.10335889101338425
636025016,0.4,0.4,0.0069,0.0081,0.7255,0.9122,0.9222,0.1156,0.9817,0.0075,-0.3931,-0.3919
636025232,0.679144385026738,0.679144385026738,0.1824,0.2175,0.7254,0.9117,0.9216,0.1055,1.0,0.1988,-0.496744385026738,-0.461644385026738
636025521,0.7471888818698673,0.7471888818698673,0.3797,0.4599,0.6628,0.9118,0.9211,0.1081,0.5792,0.4224,-0.36748888186986733,-0.28728888186986734
636025527,0.7872044506258693,0.7872044506258693,0.1466,0.175,0.6097,0.9139,0.9167,0.1049,0.2302,0.166,-0.6406044506258692,-0.6122044506258693
636025873,0.7429718875502008,0.7429718875502008,0.1283,0.1528,0.619,0.9136,0.9157,0.1051,0.2944,0.1449,-0.6146718875502009,-0.5901718875502009
636025920,0.7666382978723405,0.7666382978723405,0.4142,0.5035,0.7044,0.9129,0.9175,0.1141,0.8482,0.4545,-0.3524382978723405,-0.26313829787234055
636091031,0.7760509554140127,0.7760509554140127,0.3946,0.4789,0.682,0.9135,0.9211,0.1148,0.691,0.4362,-0.3814509554140127,-0.2971509554140127
636091308,0.7106941838649156,0.7106941838649156,0.1113,0.1322,0.6769,0.9121,0.916,0.1182,0.6618,0.1232,-0.5993941838649156,-0.5784941838649156
636091575,0.4,0.4,0.0207,0.0244,0.7287,0.9151,0.9189,0.1155,1.0,0.0225,-0.3793,-0.37560000000000004
636092314,0.4,0.4,0.0069,0.0081,0.7238,0.9118,0.9238,0.0974,1.0,0.0075,-0.3931,-0.3919
636092827,0.775625,0.775625,0.2408,0.289,0.6387,0.9124,0.9213,0.1208,0.3953,0.2701,-0.534825,-0.48662500000000003
636092863,0.7732857142857144,0.7732857142857144,0.5946,0.7405,0.7269,0.9131,0.9292,0.1031,1.0,0.6476,-0.17868571428571434,-0.03278571428571431
636092974,0.585663082437276,0.585663082437276,0.1303,0.1546,0.7278,0.9152,0.9179,0.1154,0.9954,0.1419,-0.4553630824372761,-0.4310630824372761
636093030,0.7632600258732212,0.7632600258732212,0.1665,0.1997,0.622,0.9196,0.9176,0.1346,0.2464,0.1878,-0.5967600258732212,-0.5635600258732212
636093110,0.7527352297592997,0.7527352297592997,0.3219,0.3884,0.6193,0.9098,0.9221,0.1048,0.2981,0.3634,-0.4308352297592997,-0.3643352297592997
636093211,0.5004651162790698,0.5004651162790698,0.0683,0.0809,0.7085,0.9137,0.9188,0.1149,0.8704,0.0748,-0.4321651162790697,-0.4195651162790698
636093214,0.5914008321775313,0.5914008321775313,0.0987,0.1173,0.7025,0.9204,0.918,0.1271,0.7932,0.1084,-0.49270083217753124,-0.47410083217753124
667001575,0.5494044242768009,0.5494044242768009,0.3255,0.3902,0.6467,0.9119,0.9174,0.1244,0.4493,0.3641,-0.2239044242768009,-0.15920442427680093
667002344,0.0,0.0,0.0,0.0,0.7234,0.911,0.9355,0.0876,1.0,0.0,0.0,0.0
667002349,0.4,0.4,0.0069,0.0081,0.7273,0.9135,0.92,0.1175,0.9902,0.0075,-0.3931,-0.3919
667002530,0.4,0.4,0.0138,0.0162,0.7284,0.9166,0.9167,0.1135,1.0,0.015,-0.38620000000000004,-0.38380000000000003
667002556,1.0,1.0,0.6999,0.8714,0.5831,0.9112,0.9193,0.1009,0.0636,0.8,-0.30010000000000003,-0.12860000000000005
677026500,0.6,0.6,0.0413,0.0487,0.643,0.9086,0.9222,0.112,0.4472,0.0462,-0.5587,-0.5513
